Date,TAVG (Degrees Fahrenheit),TMAX (Degrees Fahrenheit),TMIN (Degrees Fahrenheit),PRCP (Inches),SNOW (Inches),SNWD (Inches)
2020-09-01,,95,79,0.00,0.0,0.0
2020-09-02,,93,71,0.00,0.0,0.0
2020-09-03,,88,70,0.08,0.0,0.0
2020-09-04,,79,70,0.71,0.0,0.0
2020-09-05,,88,71,0.77,0.0,0.0
2020-09-06,,89,69,0.00,0.0,0.0
2020-09-07,,92,69,0.00,0.0,0.0
2020-09-08,,87,73,0.00,0.0,0.0
2020-09-09,,80,70,0.80,0.0,0.0
2020-09-10,,70,55,1.35,0.0,0.0
2020-09-11,,79,59,0.00,0.0,0.0
2020-09-12,,88,62,0.00,0.0,0.0
2020-09-13,,89,67,0.00,0.0,0.0
2020-09-14,,87,69,0.00,0.0,0.0
2020-09-15,,88,70,0.00,0.0,0.0
2020-09-16,,88,67,0.00,0.0,0.0
2020-09-17,,85,71,0.00,0.0,0.0
2020-09-18,,84,66,0.00,0.0,0.0
2020-09-19,,81,61,0.00,0.0,0.0
2020-09-20,,81,56,0.00,0.0,0.0
2020-09-21,,78,64,0.09,0.0,0.0
2020-09-22,,71,65,0.92,0.0,0.0
2020-09-23,,73,67,0.01,0.0,0.0
2020-09-24,,78,65,0.00,0.0,0.0
2020-09-25,,84,58,0.00,0.0,0.0
2020-09-26,,86,67,0.00,0.0,0.0
2020-09-27,,88,73,0.00,0.0,0.0
2020-09-28,,85,62,0.00,0.0,0.0
2020-09-29,,79,43,0.00,0.0,0.0
2020-09-30,,84,49,0.00,0.0,0.0
2020-10-01,,85,49,0.00,0.0,0.0
2020-10-02,,79,50,0.00,0.0,0.0
2020-10-03,,82,56,0.00,0.0,0.0
2020-10-04,,84,56,0.00,0.0,0.0
2020-10-05,,83,55,0.00,0.0,0.0
2020-10-06,,85,61,0.00,0.0,0.0
2020-10-07,,86,57,0.00,0.0,0.0
2020-10-08,,85,52,0.00,0.0,0.0
2020-10-09,,84,67,0.00,0.0,0.0
2020-10-10,,92,61,0.01,0.0,0.0
2020-10-11,,94,69,0.00,0.0,0.0
2020-10-12,,87,70,0.00,0.0,0.0
2020-10-13,,85,51,0.00,0.0,0.0
2020-10-14,,89,58,0.00,0.0,0.0
2020-10-15,,85,70,0.00,0.0,0.0
2020-10-16,,77,60,0.00,0.0,0.0
2020-10-17,,74,51,0.00,0.0,0.0
2020-10-18,,88,68,0.01,0.0,0.0
2020-10-19,,88,70,0.00,0.0,0.0
2020-10-20,,87,71,0.00,0.0,0.0
2020-10-21,,85,70,0.00,0.0,0.0
2020-10-22,,87,70,0.00,0.0,0.0
2020-10-23,,81,54,0.00,0.0,0.0
2020-10-24,,64,48,0.00,0.0,0.0
2020-10-25,,81,51,0.00,0.0,0.0
2020-10-26,,78,44,0.03,0.0,0.0
2020-10-27,,44,37,0.16,0.0,0.0
2020-10-28,,58,36,0.26,0.0,0.0
2020-10-29,,59,38,0.00,0.0,0.0
2020-10-30,,68,35,0.00,0.0,0.0
2020-10-31,,74,38,0.00,0.0,0.0
2020-11-01,,,,,,
2020-11-02,,,,,,
2020-11-03,,,,,,
2020-11-04,,,,,,
2020-11-05,,,,,,
2020-11-06,,,,,,
2020-11-07,,,,,,
2020-11-08,,,,,,
2020-11-09,,,,,,
2020-11-10,,,,,,
2020-11-11,,,,,,
2020-11-12,,,,,,
2020-11-13,,,,,,
2020-11-14,,,,,,
2020-11-15,,,,,,
2020-11-16,,,,,,
2020-11-17,,,,,,
2020-11-18,,,,,,
2020-11-19,,,,,,
2020-11-20,,,,,,
2020-11-21,,,,,,
2020-11-22,,,,,,
2020-11-23,,,,,,
2020-11-24,,,,,,
2020-11-25,,,,,,
2020-11-26,,,,,,
2020-11-27,,,,,,
2020-11-28,,,,,,
2020-11-29,,,,,,
2020-11-30,,,,,,
2020-12-01,,58,27,0.00,0.0,0.0
2020-12-02,,61,47,0.00,0.0,0.0
2020-12-03,,54,35,0.00,0.0,0.0
2020-12-04,,54,29,0.00,0.0,0.0
2020-12-05,,50,29,0.00,0.0,0.0
2020-12-06,,63,38,0.01,0.0,0.0
2020-12-07,,66,31,0.00,0.0,0.0
2020-12-08,,74,32,0.00,0.0,0.0
2020-12-09,,78,35,0.00,0.0,0.0
2020-12-10,,73,50,0.00,0.0,0.0
2020-12-11,,69,60,0.00,0.0,0.0
2020-12-12,,62,43,0.08,0.0,0.0
2020-12-13,,67,44,0.00,0.0,0.0
2020-12-14,,48,31,0.00,0.0,0.0
2020-12-15,,60,35,0.00,0.0,0.0
2020-12-16,,53,33,0.00,0.0,0.0
2020-12-17,,61,24,0.00,0.0,0.0
2020-12-18,,60,38,0.00,0.0,0.0
2020-12-19,,64,52,0.21,0.0,0.0
2020-12-20,,66,32,0.49,0.0,0.0
2020-12-21,,71,32,0.00,0.0,0.0
2020-12-22,,70,44,0.00,0.0,0.0
2020-12-23,,76,,0.00,0.0,0.0
2020-12-24,,63,31,0.00,0.0,0.0
2020-12-25,,67,33,0.00,0.0,0.0
2020-12-26,,66,40,0.00,0.0,0.0
2020-12-27,,72,53,0.00,0.0,0.0
2020-12-28,,72,51,0.00,0.0,0.0
2020-12-29,,72,59,0.05,0.0,0.0
2020-12-30,,69,46,0.00,0.0,0.0
2020-12-31,,46,36,1.33,0.0,0.0
2021-01-01,,50,34,0.84,0.0,0.0
2021-01-02,,60,31,0.00,0.0,0.0
2021-01-03,,68,39,0.00,0.0,0.0
2021-01-04,,73,41,0.00,0.0,0.0
2021-01-05,,67,35,0.00,0.0,0.0
2021-01-06,,68,54,0.00,0.0,0.0
2021-01-07,,58,41,0.06,0.0,0.0
2021-01-08,,51,28,0.00,0.0,0.0
2021-01-09,,50,25,0.00,0.0,0.0
2021-01-10,,47,32,0.17,2.1,0.0
2021-01-11,,44,32,0.78,0.0,2.0
2021-01-12,,49,24,0.00,0.0,0.0
2021-01-13,,63,33,0.00,0.0,0.0
2021-01-14,,67,40,0.00,0.0,0.0
2021-01-15,,58,29,0.00,0.0,0.0
2021-01-16,,60,30,0.00,0.0,0.0
2021-01-17,,64,30,0.00,0.0,0.0
2021-01-18,,70,37,0.00,0.0,0.0
2021-01-19,,67,47,0.02,0.0,0.0
2021-01-20,,51,44,0.36,0.0,0.0
2021-01-21,,66,46,0.13,0.0,0.0
2021-01-22,,73,51,0.00,0.0,0.0
2021-01-23,,66,48,0.00,0.0,0.0
2021-01-24,,67,57,0.06,0.0,0.0
2021-01-25,,72,58,0.04,0.0,0.0
2021-01-26,,69,37,0.00,0.0,0.0
2021-01-27,,66,41,0.00,0.0,0.0
2021-01-28,,55,28,0.00,0.0,0.0
2021-01-29,,65,33,0.00,0.0,0.0
2021-01-30,,76,56,0.00,0.0,0.0
2021-01-31,,71,41,0.00,0.0,0.0
2021-02-01,,62,35,0.00,0.0,0.0
2021-02-02,,65,33,0.00,0.0,0.0
2021-02-03,,72,41,0.00,0.0,0.0
2021-02-04,,80,59,0.00,0.0,0.0
2021-02-05,,65,43,0.00,0.0,0.0
2021-02-06,,72,45,0.01,0.0,0.0
2021-02-07,,67,32,0.00,0.0,0.0
2021-02-08,,72,48,0.00,0.0,0.0
2021-02-09,,69,48,0.00,0.0,0.0
2021-02-10,,57,36,0.00,0.0,0.0
2021-02-11,,37,29,0.05,0.0,0.0
2021-02-12,,31,26,0.60,0.0,0.0
2021-02-13,,28,24,0.00,0.0,0.0
2021-02-14,,28,18,0.07,0.0,0.0
2021-02-15,,21,5,0.61,5.3,0.0
2021-02-16,,23,1,0.00,0.0,5.0
2021-02-17,,32,20,0.57,0.0,5.0
2021-02-18,,29,24,0.00,0.4,6.0
2021-02-19,,37,12,0.02,0.0,6.0
2021-02-20,,56,24,0.00,0.0,5.0
2021-02-21,,71,41,0.00,0.0,0.0
2021-02-22,,72,34,0.00,0.0,0.0
2021-02-23,,75,50,0.00,0.0,0.0
2021-02-24,,81,61,0.00,0.0,0.0
2021-02-25,,75,51,0.00,0.0,0.0
2021-02-26,,57,44,0.11,0.0,0.0
2021-02-27,,75,54,0.03,0.0,0.0
2021-02-28,,71,67,0.00,0.0,0.0
2021-03-01,,70,44,0.01,0.0,0.0
2021-03-02,,63,39,0.09,0.0,0.0
2021-03-03,,70,35,0.00,0.0,0.0
2021-03-04,,74,43,0.00,0.0,0.0
2021-03-05,,76,55,0.00,0.0,0.0
2021-03-06,,70,45,0.00,0.0,0.0
2021-03-07,,67,35,0.00,0.0,0.0
2021-03-08,,69,43,0.00,0.0,0.0
2021-03-09,,73,54,0.00,0.0,0.0
2021-03-10,,80,62,0.00,0.0,0.0
2021-03-11,,77,66,0.00,0.0,0.0
2021-03-12,,77,66,0.01,0.0,0.0
2021-03-13,,75,65,0.02,0.0,0.0
2021-03-14,,75,50,0.12,0.0,0.0
2021-03-15,,84,41,0.01,0.0,0.0
2021-03-16,,79,64,0.00,0.0,0.0
2021-03-17,,75,58,0.01,0.0,0.0
2021-03-18,,68,44,0.00,0.0,0.0
2021-03-19,,67,41,0.00,0.0,0.0
2021-03-20,,69,35,0.00,0.0,0.0
2021-03-21,,71,46,0.00,0.0,0.0
2021-03-22,,68,55,0.00,0.0,0.0
2021-03-23,,77,48,0.59,0.0,0.0
2021-03-24,,75,48,0.00,0.0,0.0
2021-03-25,,71,51,0.57,0.0,0.0
2021-03-26,,81,45,0.00,0.0,0.0
2021-03-27,,82,61,0.00,0.0,0.0
2021-03-28,,81,58,0.00,0.0,0.0
2021-03-29,,75,41,0.00,0.0,0.0
2021-03-30,,79,58,0.00,0.0,0.0
2021-03-31,,76,56,0.02,0.0,0.0
2021-04-01,,68,34,0.00,0.0,0.0
2021-04-02,,69,40,0.00,0.0,0.0
2021-04-03,,66,50,0.00,0.0,0.0
2021-04-04,,73,54,0.22,0.0,0.0
2021-04-05,,78,56,0.00,0.0,0.0
2021-04-06,,85,64,0.00,0.0,0.0
2021-04-07,,89,53,0.00,0.0,0.0
2021-04-08,,87,66,0.00,0.0,0.0
2021-04-09,,90,66,0.00,0.0,0.0
2021-04-10,,85,56,0.00,0.0,0.0
2021-04-11,,86,43,0.00,0.0,0.0
2021-04-12,,86,63,0.00,0.0,0.0
2021-04-13,,81,67,0.00,0.0,0.0
2021-04-14,,80,65,0.00,0.0,0.0
2021-04-15,,77,60,0.00,0.0,0.0
2021-04-16,,67,59,0.15,0.0,0.0
2021-04-17,,65,49,0.01,0.0,0.0
2021-04-18,,66,46,0.00,0.0,0.0
2021-04-19,,74,42,0.00,0.0,0.0
2021-04-20,,81,51,0.00,0.0,0.0
2021-04-21,,66,42,0.00,0.0,0.0
2021-04-22,,62,42,0.00,0.0,0.0
2021-04-23,,72,59,0.07,0.0,0.0
2021-04-24,,82,53,0.43,0.0,0.0
2021-04-25,,85,51,0.00,0.0,0.0
2021-04-26,,83,64,0.00,0.0,0.0
2021-04-27,,80,67,0.00,0.0,0.0
2021-04-28,,82,70,0.06,0.0,0.0
2021-04-29,,79,66,0.49,0.0,0.0
2021-04-30,,68,63,0.72,0.0,0.0
2021-05-01,,70,63,1.21,0.0,0.0
2021-05-02,,87,59,1.97,0.0,0.0
2021-05-03,,91,70,0.00,0.0,0.0
2021-05-04,,85,66,0.00,0.0,0.0
2021-05-05,,80,54,0.00,0.0,0.0
2021-05-06,,86,49,0.00,0.0,0.0
2021-05-07,,84,54,0.00,0.0,0.0
2021-05-08,,87,65,0.00,0.0,0.0
2021-05-09,,85,72,0.00,0.0,0.0
2021-05-10,,83,69,0.00,0.0,0.0
2021-05-11,,71,59,0.00,0.0,0.0
2021-05-12,,71,57,0.17,0.0,0.0
2021-05-13,,72,57,0.00,0.0,0.0
2021-05-14,,80,54,0.00,0.0,0.0
2021-05-15,,77,66,0.00,0.0,0.0
2021-05-16,,79,68,0.12,0.0,0.0
2021-05-17,,80,63,0.32,0.0,0.0
2021-05-18,,73,64,1.41,0.0,0.0
2021-05-19,,68,62,0.37,0.0,0.0
2021-05-20,,82,56,0.08,0.0,0.0
2021-05-21,,83,60,0.00,0.0,0.0
2021-05-22,,81,69,0.07,0.0,0.0
2021-05-23,,76,68,0.82,0.0,0.0
2021-05-24,,83,67,1.13,0.0,0.0
2021-05-25,,87,71,0.02,0.0,0.0
2021-05-26,,88,69,0.15,0.0,0.0
2021-05-27,,87,72,0.00,0.0,0.0
2021-05-28,,87,70,0.00,0.0,0.0
2021-05-29,,84,63,0.48,0.0,0.0
2021-05-30,,85,65,0.00,0.0,0.0
2021-05-31,,82,69,0.92,0.0,0.0
2021-06-01,,81,65,0.51,0.0,0.0
2021-06-02,,86,64,0.00,0.0,0.0
2021-06-03,,81,61,0.41,0.0,0.0
2021-06-04,,81,64,2.35,0.0,0.0
2021-06-05,,80,67,0.13,0.0,0.0
2021-06-06,,87,66,0.00,0.0,0.0
2021-06-07,,88,75,0.00,0.0,0.0
2021-06-08,,88,76,0.00,0.0,0.0
2021-06-09,,90,73,0.01,0.0,0.0
2021-06-10,,90,73,0.00,0.0,0.0
2021-06-11,,90,75,0.00,0.0,0.0
2021-06-12,,90,73,0.00,0.0,0.0
2021-06-13,,94,71,0.00,0.0,0.0
2021-06-14,,95,71,0.00,0.0,0.0
2021-06-15,,94,69,0.00,0.0,0.0
2021-06-16,,92,66,0.00,0.0,0.0
2021-06-17,,94,68,0.00,0.0,0.0
2021-06-18,,91,71,0.00,0.0,0.0
2021-06-19,,92,65,0.00,0.0,0.0
2021-06-20,,91,74,0.00,0.0,0.0
2021-06-21,,93,78,0.00,0.0,0.0
2021-06-22,,89,70,0.02,0.0,0.0
2021-06-23,,94,74,0.00,0.0,0.0
2021-06-24,,94,74,0.00,0.0,0.0
2021-06-25,,92,75,0.00,0.0,0.0
2021-06-26,,93,76,0.00,0.0,0.0
2021-06-27,,89,72,0.00,0.0,0.0
2021-06-28,,87,69,0.05,0.0,0.0
2021-06-29,,86,71,0.73,0.0,0.0
2021-06-30,,87,73,0.01,0.0,0.0
2021-07-01,,90,70,0.00,0.0,0.0
2021-07-02,,93,73,0.00,0.0,0.0
2021-07-03,,88,73,0.00,0.0,0.0
2021-07-04,,86,74,0.00,0.0,0.0
2021-07-05,,85,72,0.32,0.0,0.0
2021-07-06,,86,72,0.13,0.0,0.0
2021-07-07,,85,69,0.00,0.0,0.0
2021-07-08,,87,69,0.00,0.0,0.0
2021-07-09,,77,72,0.36,0.0,0.0
2021-07-10,,89,73,0.11,0.0,0.0
2021-07-11,,89,75,0.03,0.0,0.0
2021-07-12,,85,75,0.00,0.0,0.0
2021-07-13,,89,69,0.00,0.0,0.0
2021-07-14,,89,70,0.00,0.0,0.0
2021-07-15,,90,73,0.00,0.0,0.0
2021-07-16,,90,73,0.00,0.0,0.0
2021-07-17,,91,75,0.00,0.0,0.0
2021-07-18,,92,73,0.00,0.0,0.0
2021-07-19,,92,72,0.00,0.0,0.0
2021-07-20,,87,70,0.71,0.0,0.0
2021-07-21,,88,70,0.33,0.0,0.0
2021-07-22,,89,67,0.00,0.0,0.0
2021-07-23,,91,71,0.06,0.0,0.0
2021-07-24,,93,75,0.00,0.0,0.0
2021-07-25,,96,73,0.00,0.0,0.0
2021-07-26,,96,72,0.00,0.0,0.0
2021-07-27,,94,72,0.00,0.0,0.0
2021-07-28,,93,74,0.00,0.0,0.0
2021-07-29,,94,74,0.00,0.0,0.0
2021-07-30,,93,69,0.00,0.0,0.0
2021-07-31,,92,73,0.00,0.0,0.0
2021-08-01,,96,74,0.04,0.0,0.0
2021-08-02,,82,70,0.68,0.0,0.0
2021-08-03,,88,71,1.96,0.0,0.0
2021-08-04,,88,67,0.00,0.0,0.0
2021-08-05,,84,72,0.00,0.0,0.0
2021-08-06,,89,73,0.08,0.0,0.0
2021-08-07,,90,73,0.00,0.0,0.0
2021-08-08,,91,75,0.00,0.0,0.0
2021-08-09,,92,76,0.00,0.0,0.0
2021-08-10,,92,76,0.00,0.0,0.0
2021-08-11,,92,75,0.00,0.0,0.0
2021-08-12,,92,74,0.00,0.0,0.0
2021-08-13,,92,73,0.00,0.0,0.0
2021-08-14,,93,71,0.00,0.0,0.0
2021-08-15,,89,70,0.00,0.0,0.0
2021-08-16,,87,66,2.22,0.0,0.0
2021-08-17,,89,72,0.00,0.0,0.0
2021-08-18,,92,75,0.05,0.0,0.0
2021-08-19,,92,76,0.12,0.0,0.0
2021-08-20,,92,75,0.00,0.0,0.0
2021-08-21,,93,75,0.00,0.0,0.0
2021-08-22,,93,74,0.00,0.0,0.0
2021-08-23,,92,72,0.00,0.0,0.0
2021-08-24,,93,73,0.00,0.0,0.0
2021-08-25,,93,73,0.00,0.0,0.0
2021-08-26,,94,72,0.00,0.0,0.0
2021-08-27,,85,69,0.00,0.0,0.0
2021-08-28,,90,70,0.02,0.0,0.0
2021-08-29,,90,71,0.00,0.0,0.0
2021-08-30,,90,71,0.00,0.0,0.0
2021-08-31,,94,72,0.00,0.0,0.0
2021-09-01,,94,75,0.00,0.0,0.0
2021-09-02,,94,75,0.00,0.0,0.0
2021-09-03,,94,75,0.00,0.0,0.0
2021-09-04,,94,75,0.00,0.0,0.0
2021-09-05,,97,73,0.00,0.0,0.0
2021-09-06,,95,72,0.03,0.0,0.0
2021-09-07,,93,67,0.00,0.0,0.0
2021-09-08,,95,66,0.00,0.0,0.0
2021-09-09,,92,61,0.00,0.0,0.0
2021-09-10,,90,58,0.00,0.0,0.0
2021-09-11,,88,61,0.00,0.0,0.0
2021-09-12,,89,64,0.00,0.0,0.0
2021-09-13,,87,71,0.00,0.0,0.0
2021-09-14,,84,68,0.03,0.0,0.0
2021-09-15,,87,69,0.00,0.0,0.0
2021-09-16,,89,62,0.00,0.0,0.0
2021-09-17,,93,65,0.00,0.0,0.0
2021-09-18,,93,67,0.00,0.0,0.0
2021-09-19,,95,68,0.00,0.0,0.0
2021-09-20,,96,73,0.00,0.0,0.0
2021-09-21,,92,73,0.00,0.0,0.0
2021-09-22,,81,63,0.33,0.0,0.0
2021-09-23,,83,47,0.00,0.0,0.0
2021-09-24,,84,58,0.00,0.0,0.0
2021-09-25,,85,55,0.00,0.0,0.0
2021-09-26,,86,57,0.00,0.0,0.0
2021-09-27,,89,61,0.00,0.0,0.0
2021-09-28,,92,71,0.00,0.0,0.0
2021-09-29,,88,65,3.36,0.0,0.0
2021-09-30,,87,71,0.00,0.0,0.0
2021-10-01,,82,65,1.35,0.0,0.0
2021-10-02,,82,67,0.00,0.0,0.0
2021-10-03,,85,64,0.00,0.0,0.0
2021-10-04,,86,61,0.00,0.0,0.0
2021-10-05,,85,53,0.00,0.0,0.0
2021-10-06,,84,55,0.00,0.0,0.0
2021-10-07,,86,63,0.00,0.0,0.0
2021-10-08,,86,65,0.00,0.0,0.0
2021-10-09,,84,64,0.00,0.0,0.0
2021-10-10,,87,69,0.00,0.0,0.0
2021-10-11,,82,59,0.85,0.0,0.0
2021-10-12,,84,66,0.00,0.0,0.0
2021-10-13,,83,75,0.06,0.0,0.0
2021-10-14,,80,66,3.42,0.0,0.0
2021-10-15,,83,66,0.00,0.0,0.0
2021-10-16,,71,52,0.00,0.0,0.0
2021-10-17,,70,41,0.00,0.0,0.0
2021-10-18,,73,45,0.00,0.0,0.0
2021-10-19,,79,55,0.00,0.0,0.0
2021-10-20,,78,65,0.00,0.0,0.0
2021-10-21,,80,59,0.00,0.0,0.0
2021-10-22,,82,58,0.00,0.0,0.0
2021-10-23,,83,66,0.00,0.0,0.0
2021-10-24,,83,67,0.00,0.0,0.0
2021-10-25,,86,69,0.00,0.0,0.0
2021-10-26,,84,71,0.00,0.0,0.0
2021-10-27,,77,59,0.96,0.0,0.0
2021-10-28,,74,51,0.00,0.0,0.0
2021-10-29,,70,55,0.00,0.0,0.0
2021-10-30,,77,40,0.00,0.0,0.0
2021-10-31,,79,50,0.00,0.0,0.0
2021-11-01,,77,52,0.00,0.0,0.0
2021-11-02,,75,60,0.00,0.0,0.0
2021-11-03,,69,48,0.07,0.0,0.0
2021-11-04,,53,46,1.90,0.0,0.0
2021-11-05,,59,36,0.00,0.0,0.0
2021-11-06,,67,37,0.00,0.0,0.0
2021-11-07,,71,43,0.00,0.0,0.0
2021-11-08,,73,48,0.00,0.0,0.0
2021-11-09,,73,54,0.00,0.0,0.0
2021-11-10,,77,59,0.00,0.0,0.0
2021-11-11,,71,57,0.00,0.0,0.0
2021-11-12,,74,40,0.00,0.0,0.0
2021-11-13,,67,35,0.00,0.0,0.0
2021-11-14,,75,54,0.00,0.0,0.0
2021-11-15,,77,58,0.00,0.0,0.0
2021-11-16,,77,63,0.00,0.0,0.0
2021-11-17,,78,64,0.00,0.0,0.0
2021-11-18,,67,52,0.00,0.0,0.0
2021-11-19,,62,36,0.00,0.0,0.0
2021-11-20,,71,48,0.00,0.0,0.0
2021-11-21,,74,61,0.00,0.0,0.0
2021-11-22,,65,47,0.00,0.0,0.0
2021-11-23,,67,36,0.00,0.0,0.0
2021-11-24,,73,55,0.04,0.0,0.0
2021-11-25,,69,53,0.00,0.0,0.0
2021-11-26,,55,41,0.00,0.0,0.0
2021-11-27,,50,44,0.02,0.0,0.0
2021-11-28,,65,46,0.36,0.0,0.0
2021-11-29,,69,35,0.00,0.0,0.0
2021-11-30,,71,45,0.00,0.0,0.0
2021-12-01,,72,53,0.00,0.0,0.0
2021-12-02,,77,53,0.00,0.0,0.0
2021-12-03,,73,63,0.04,0.0,0.0
2021-12-04,,74,63,0.00,0.0,0.0
2021-12-05,,75,64,0.00,0.0,0.0
2021-12-06,,71,53,0.00,0.0,0.0
2021-12-07,,66,36,0.00,0.0,0.0
2021-12-08,,74,43,0.00,0.0,0.0
2021-12-09,,75,60,0.00,0.0,0.0
2021-12-10,,80,65,0.00,0.0,0.0
2021-12-11,,73,46,0.00,0.0,0.0
2021-12-12,,58,26,0.00,0.0,0.0
2021-12-13,,66,43,0.00,0.0,0.0
2021-12-14,,73,57,0.00,0.0,0.0
2021-12-15,,77,66,0.02,0.0,0.0
2021-12-16,,75,69,0.00,0.0,0.0
2021-12-17,,75,68,0.00,0.0,0.0
2021-12-18,,72,48,1.12,0.0,0.0
2021-12-19,,51,36,0.26,0.0,0.0
2021-12-20,,56,40,0.00,0.0,0.0
2021-12-21,,64,32,0.00,0.0,0.0
2021-12-22,,70,49,0.00,0.0,0.0
2021-12-23,,67,55,0.00,0.0,0.0
2021-12-24,,73,60,0.00,0.0,0.0
2021-12-25,,75,64,0.00,0.0,0.0
2021-12-26,,71,59,0.00,0.0,0.0
2021-12-27,,75,59,0.00,0.0,0.0
2021-12-28,,70,64,0.00,0.0,0.0
2021-12-29,,77,57,0.01,0.0,0.0
2021-12-30,,78,49,0.00,0.0,0.0
2021-12-31,,78,64,0.00,0.0,0.0
2022-01-01,,75,62,0.00,0.0,0.0
2022-01-02,,62,22,0.00,0.0,0.0
2022-01-03,,54,19,0.00,0.0,0.0
2022-01-04,,62,31,0.00,0.0,0.0
2022-01-05,,69,45,0.00,0.0,0.0
2022-01-06,,58,32,0.00,0.0,0.0
2022-01-07,,43,25,0.00,0.0,0.0
2022-01-08,,62,37,0.14,0.0,0.0
2022-01-09,,60,50,0.01,0.0,0.0
2022-01-10,,54,37,0.00,0.0,0.0
2022-01-11,,47,35,0.00,0.0,0.0
2022-01-12,,61,40,0.00,0.0,0.0
2022-01-13,,72,34,0.00,0.0,0.0
2022-01-14,,74,39,0.00,0.0,0.0
2022-01-15,,66,41,0.00,0.0,0.0
2022-01-16,,62,29,0.00,0.0,0.0
2022-01-17,,68,27,0.00,0.0,0.0
2022-01-18,,71,45,0.00,0.0,0.0
2022-01-19,,76,59,0.00,0.0,0.0
2022-01-20,,66,28,0.00,0.0,0.0
2022-01-21,,47,25,0.00,0.0,0.0
2022-01-22,,51,21,0.00,0.0,0.0
2022-01-23,,56,35,0.00,0.0,0.0
2022-01-24,,53,46,0.04,0.0,0.0
2022-01-25,,49,45,0.08,0.0,0.0
2022-01-26,,52,40,0.00,0.0,0.0
2022-01-27,,58,35,0.00,0.0,0.0
2022-01-28,,55,37,0.00,0.0,0.0
2022-01-29,,63,25,0.00,0.0,0.0
2022-01-30,,66,31,0.00,0.0,0.0
2022-01-31,,61,48,0.64,0.0,0.0
2022-02-01,,62,50,0.74,0.0,0.0
2022-02-02,,57,42,0.00,0.0,0.0
2022-02-03,,42,24,2.01,0.2,0.0
2022-02-04,,37,18,0.00,0.0,0.0
2022-02-05,,49,18,0.00,0.0,0.0
2022-02-06,,56,25,0.00,0.0,0.0
2022-02-07,,58,30,0.00,0.0,0.0
2022-02-08,,64,26,0.00,0.0,0.0
2022-02-09,,71,44,0.00,0.0,0.0
2022-02-10,,70,36,0.00,0.0,0.0
2022-02-11,,72,47,0.00,0.0,0.0
2022-02-12,,67,40,0.00,0.0,0.0
2022-02-13,,63,23,0.01,0.0,0.0
2022-02-14,,66,40,0.00,0.0,0.0
2022-02-15,,71,37,0.00,0.0,0.0
2022-02-16,,74,57,0.00,0.0,0.0
2022-02-17,,70,46,0.01,0.0,0.0
2022-02-18,,56,29,0.00,0.0,0.0
2022-02-19,,63,24,0.00,0.0,0.0
2022-02-20,,68,35,0.00,0.0,0.0
2022-02-21,,81,60,0.00,0.0,0.0
2022-02-22,,82,65,0.00,0.0,0.0
2022-02-23,,66,27,0.00,0.0,0.0
2022-02-24,,33,26,0.03,0.0,0.0
2022-02-25,,36,28,0.01,0.0,0.0
2022-02-26,,38,33,0.00,0.0,0.0
2022-02-27,,57,33,0.09,0.0,0.0
2022-02-28,,64,23,0.00,0.0,0.0
2022-03-01,,70,35,0.00,0.0,0.0
2022-03-02,,73,39,0.00,0.0,0.0
2022-03-03,,76,47,0.00,0.0,0.0
2022-03-04,,74,58,0.01,0.0,0.0
2022-03-05,,78,63,0.00,0.0,0.0
2022-03-06,,79,67,0.00,0.0,0.0
2022-03-07,,75,41,0.00,0.0,0.0
2022-03-08,,52,40,0.00,0.0,0.0
2022-03-09,,59,32,0.00,0.0,0.0
2022-03-10,,71,32,0.00,0.0,0.0
2022-03-11,,68,36,0.00,0.0,0.0
2022-03-12,,56,23,0.00,0.0,0.0
2022-03-13,,65,30,0.00,0.0,0.0
2022-03-14,,79,47,0.00,0.0,0.0
2022-03-15,,75,50,0.00,0.0,0.0
2022-03-16,,79,42,0.00,0.0,0.0
2022-03-17,,75,52,0.00,0.0,0.0
2022-03-18,,69,47,0.00,0.0,0.0
2022-03-19,,77,37,0.00,0.0,0.0
2022-03-20,,76,49,0.00,0.0,0.0
2022-03-21,,77,58,0.10,0.0,0.0
2022-03-22,,68,52,0.26,0.0,0.0
2022-03-23,,67,39,0.00,0.0,0.0
2022-03-24,,74,41,0.00,0.0,0.0
2022-03-25,,83,40,0.00,0.0,0.0
2022-03-26,,88,58,0.00,0.0,0.0
2022-03-27,,85,59,0.00,0.0,0.0
2022-03-28,,83,59,0.00,0.0,0.0
2022-03-29,,78,65,0.00,0.0,0.0
2022-03-30,,78,57,0.23,0.0,0.0
2022-03-31,,75,40,0.00,0.0,0.0
2022-04-01,,79,44,0.00,0.0,0.0
2022-04-02,,84,57,0.00,0.0,0.0
2022-04-03,,84,50,0.00,0.0,0.0
2022-04-04,,78,64,0.00,0.0,0.0
2022-04-05,,93,68,0.00,0.0,0.0
2022-04-06,,90,60,0.00,0.0,0.0
2022-04-07,,74,41,0.00,0.0,0.0
2022-04-08,,76,37,0.00,0.0,0.0
2022-04-09,,84,43,0.00,0.0,0.0
2022-04-10,,85,61,0.00,0.0,0.0
2022-04-11,,81,65,0.17,0.0,0.0
2022-04-12,,89,69,0.00,0.0,0.0
2022-04-13,,91,71,0.00,0.0,0.0
2022-04-14,,84,50,0.00,0.0,0.0
2022-04-15,,81,60,0.00,0.0,0.0
2022-04-16,,80,69,0.00,0.0,0.0
2022-04-17,,84,65,0.00,0.0,0.0
2022-04-18,,83,57,0.00,0.0,0.0
2022-04-19,,71,52,0.00,0.0,0.0
2022-04-20,,82,64,0.13,0.0,0.0
2022-04-21,,78,70,0.00,0.0,0.0
2022-04-22,,86,70,0.00,0.0,0.0
2022-04-23,,86,68,0.00,0.0,0.0
2022-04-24,,86,67,0.00,0.0,0.0
2022-04-25,,80,60,0.00,0.0,0.0
2022-04-26,,73,56,1.87,0.0,0.0
2022-04-27,,77,56,0.04,0.0,0.0
2022-04-28,,83,65,0.00,0.0,0.0
2022-04-29,,82,68,0.00,0.0,0.0
2022-04-30,,87,70,0.00,0.0,0.0
2022-05-01,,86,70,0.00,0.0,0.0
2022-05-02,,82,66,0.00,0.0,0.0
2022-05-03,,87,72,0.00,0.0,0.0
2022-05-04,,86,72,0.06,0.0,0.0
2022-05-05,,85,70,0.07,0.0,0.0
2022-05-06,,92,60,0.08,0.0,0.0
2022-05-07,,95,73,0.00,0.0,0.0
2022-05-08,,94,72,0.00,0.0,0.0
2022-05-09,,92,74,0.00,0.0,0.0
2022-05-10,,91,75,0.00,0.0,0.0
2022-05-11,,89,71,0.00,0.0,0.0
2022-05-12,,90,69,0.00,0.0,0.0
2022-05-13,,89,66,0.00,0.0,0.0
2022-05-14,,93,70,0.00,0.0,0.0
2022-05-15,,93,68,0.00,0.0,0.0
2022-05-16,,95,71,0.00,0.0,0.0
2022-05-17,,94,68,0.00,0.0,0.0
2022-05-18,,94,69,0.00,0.0,0.0
2022-05-19,,94,69,0.00,0.0,0.0
2022-05-20,,93,73,0.00,0.0,0.0
2022-05-21,,94,73,0.00,0.0,0.0
2022-05-22,,89,60,0.58,0.0,0.0
2022-05-23,,84,64,0.00,0.0,0.0
2022-05-24,,84,69,0.00,0.0,0.0
2022-05-25,,81,58,1.58,0.0,0.0
2022-05-26,,92,56,0.00,0.0,0.0
2022-05-27,,94,66,0.00,0.0,0.0
2022-05-28,,93,70,0.00,0.0,0.0
2022-05-29,,93,71,0.00,0.0,0.0
2022-05-30,,92,73,0.00,0.0,0.0
2022-05-31,,93,74,0.00,0.0,0.0
2022-06-01,,92,73,0.00,0.0,0.0
2022-06-02,,88,69,0.00,0.0,0.0
2022-06-03,,88,67,0.02,0.0,0.0
2022-06-04,,91,65,0.04,0.0,0.0
2022-06-05,,95,69,0.00,0.0,0.0
2022-06-06,,99,74,0.00,0.0,0.0
2022-06-07,,98,73,0.00,0.0,0.0
2022-06-08,,98,73,0.00,0.0,0.0
2022-06-09,,96,70,0.00,0.0,0.0
2022-06-10,,98,74,0.00,0.0,0.0
2022-06-11,,100,75,0.00,0.0,0.0
2022-06-12,,101,74,0.00,0.0,0.0
2022-06-13,,98,74,0.00,0.0,0.0
2022-06-14,,95,75,0.00,0.0,0.0
2022-06-15,,91,77,0.00,0.0,0.0
2022-06-16,,98,73,0.00,0.0,0.0
2022-06-17,,95,71,0.00,0.0,0.0
2022-06-18,,96,71,0.00,0.0,0.0
2022-06-19,,97,72,0.00,0.0,0.0
2022-06-20,,97,71,0.25,0.0,0.0
2022-06-21,,98,73,0.00,0.0,0.0
2022-06-22,,96,71,0.00,0.0,0.0
2022-06-23,,99,71,0.00,0.0,0.0
2022-06-24,,99,73,0.00,0.0,0.0
2022-06-25,,98,72,0.00,0.0,0.0
2022-06-26,,98,71,0.00,0.0,0.0
2022-06-27,,97,73,0.00,0.0,0.0
2022-06-28,,90,68,0.29,0.0,0.0
2022-06-29,,95,62,0.00,0.0,0.0
2022-06-30,,95,71,0.00,0.0,0.0
2022-07-01,,95,73,0.00,0.0,0.0
2022-07-02,,97,75,0.00,0.0,0.0
2022-07-03,,97,76,0.00,0.0,0.0
2022-07-04,,97,75,0.00,0.0,0.0
2022-07-05,,97,74,0.00,0.0,0.0
2022-07-06,,99,74,0.00,0.0,0.0
2022-07-07,,98,74,0.00,0.0,0.0
2022-07-08,,100,75,0.00,0.0,0.0
2022-07-09,,102,76,0.00,0.0,0.0
2022-07-10,,105,79,0.00,0.0,0.0
2022-07-11,,104,74,0.00,0.0,0.0
2022-07-12,,104,75,0.00,0.0,0.0
2022-07-13,,103,76,0.00,0.0,0.0
2022-07-14,,101,75,0.00,0.0,0.0
2022-07-15,,96,68,0.00,0.0,0.0
2022-07-16,,97,73,0.00,0.0,0.0
2022-07-17,,101,75,0.00,0.0,0.0
2022-07-18,,102,75,0.00,0.0,0.0
2022-07-19,,102,75,0.00,0.0,0.0
2022-07-20,,102,74,0.00,0.0,0.0
2022-07-21,,100,76,0.00,0.0,0.0
2022-07-22,,99,75,0.00,0.0,0.0
2022-07-23,,99,74,0.00,0.0,0.0
2022-07-24,,99,76,0.00,0.0,0.0
2022-07-25,,100,74,0.00,0.0,0.0
2022-07-26,,99,73,0.00,0.0,0.0
2022-07-27,,98,74,0.00,0.0,0.0
2022-07-28,,100,75,0.00,0.0,0.0
2022-07-29,,99,75,0.00,0.0,0.0
2022-07-30,,100,74,0.00,0.0,0.0
2022-07-31,,99,75,0.00,0.0,0.0
2022-08-01,,97,74,0.00,0.0,0.0
2022-08-02,,101,75,0.00,0.0,0.0
2022-08-03,,101,76,0.00,0.0,0.0
2022-08-04,,101,75,0.00,0.0,0.0
2022-08-05,,99,75,0.00,0.0,0.0
2022-08-06,,97,76,0.00,0.0,0.0
2022-08-07,,99,74,0.00,0.0,0.0
2022-08-08,,98,74,0.00,0.0,0.0
2022-08-09,,98,71,0.00,0.0,0.0
2022-08-10,,100,75,0.00,0.0,0.0
2022-08-11,,98,73,0.00,0.0,0.0
2022-08-12,,98,70,0.00,0.0,0.0
2022-08-13,,99,72,0.00,0.0,0.0
2022-08-14,,94,70,0.00,0.0,0.0
2022-08-15,,96,71,0.00,0.0,0.0
2022-08-16,,98,74,0.00,0.0,0.0
2022-08-17,,100,74,0.00,0.0,0.0
2022-08-18,,98,73,0.00,0.0,0.0
2022-08-19,,88,70,0.07,0.0,0.0
2022-08-20,,96,73,0.23,0.0,0.0
2022-08-21,,89,75,0.00,0.0,0.0
2022-08-22,,94,71,0.00,0.0,0.0
2022-08-23,,88,71,0.94,0.0,0.0
2022-08-24,,89,71,0.08,0.0,0.0
2022-08-25,,91,70,0.00,0.0,0.0
2022-08-26,,94,68,0.00,0.0,0.0
2022-08-27,,95,73,0.00,0.0,0.0
2022-08-28,,95,74,0.00,0.0,0.0
2022-08-29,,96,75,0.00,0.0,0.0
2022-08-30,,87,73,0.00,0.0,0.0
2022-08-31,,90,73,0.04,0.0,0.0
2022-09-01,,90,70,0.21,0.0,0.0
2022-09-02,,92,71,0.00,0.0,0.0
2022-09-03,,88,74,0.00,0.0,0.0
2022-09-04,,90,68,0.00,0.0,0.0
2022-09-05,,93,64,0.00,0.0,0.0
2022-09-06,,95,68,0.00,0.0,0.0
2022-09-07,,91,71,0.00,0.0,0.0
2022-09-08,,92,67,0.00,0.0,0.0
2022-09-09,,92,66,0.00,0.0,0.0
2022-09-10,,92,71,0.00,0.0,0.0
2022-09-11,,90,68,0.00,0.0,0.0
2022-09-12,,91,61,0.00,0.0,0.0
2022-09-13,,92,65,0.00,0.0,0.0
2022-09-14,,90,67,0.00,0.0,0.0
2022-09-15,,91,60,0.00,0.0,0.0
2022-09-16,,93,72,0.00,0.0,0.0
2022-09-17,,95,74,0.00,0.0,0.0
2022-09-18,,94,71,0.00,0.0,0.0
2022-09-19,,94,71,0.00,0.0,0.0
2022-09-20,,94,71,0.00,0.0,0.0
2022-09-21,,94,68,0.00,0.0,0.0
2022-09-22,,96,65,0.00,0.0,0.0
2022-09-23,,95,65,0.00,0.0,0.0
2022-09-24,,92,68,0.00,0.0,0.0
2022-09-25,,93,70,0.00,0.0,0.0
2022-09-26,,91,72,0.00,0.0,0.0
2022-09-27,,89,49,0.00,0.0,0.0
2022-09-28,,88,54,0.00,0.0,0.0
2022-09-29,,90,56,0.00,0.0,0.0
2022-09-30,,86,58,0.00,0.0,0.0
2022-10-01,,85,49,0.00,0.0,0.0
2022-10-02,,83,50,0.00,0.0,0.0
2022-10-03,,85,49,0.00,0.0,0.0
2022-10-04,,87,54,0.00,0.0,0.0
2022-10-05,,87,54,0.00,0.0,0.0
2022-10-06,,88,58,0.00,0.0,0.0
2022-10-07,,84,63,0.00,0.0,0.0
2022-10-08,,86,54,0.00,0.0,0.0
2022-10-09,,86,58,0.00,0.0,0.0
2022-10-10,,86,60,0.00,0.0,0.0
2022-10-11,,87,60,0.00,0.0,0.0
2022-10-12,,94,69,0.00,0.0,0.0
2022-10-13,,86,65,0.14,0.0,0.0
2022-10-14,,87,55,0.00,0.0,0.0
2022-10-15,,90,71,0.00,0.0,0.0
2022-10-16,,89,71,0.00,0.0,0.0
2022-10-17,,84,58,0.52,0.0,0.0
2022-10-18,,67,49,0.00,0.0,0.0
2022-10-19,,73,36,0.00,0.0,0.0
2022-10-20,,83,53,0.00,0.0,0.0
2022-10-21,,85,57,0.00,0.0,0.0
2022-10-22,,85,63,0.00,0.0,0.0
2022-10-23,,85,68,0.00,0.0,0.0
2022-10-24,,83,70,0.00,0.0,0.0
2022-10-25,,79,51,0.61,0.0,0.0
2022-10-26,,74,40,0.00,0.0,0.0
2022-10-27,,77,48,0.00,0.0,0.0
2022-10-28,,73,58,0.00,0.0,0.0
2022-10-29,,67,53,0.55,0.0,0.0
2022-10-30,,73,47,0.00,0.0,0.0
2022-10-31,,75,50,0.00,0.0,0.0
2022-11-01,,69,52,0.09,0.0,0.0
2022-11-02,,74,52,0.01,0.0,0.0
2022-11-03,,80,68,0.00,0.0,0.0
2022-11-04,,83,71,0.00,0.0,0.0
2022-11-05,,78,47,0.10,0.0,0.0
2022-11-06,,82,52,0.00,0.0,0.0
2022-11-07,,80,66,0.02,0.0,0.0
2022-11-08,,74,62,0.90,0.0,0.0
2022-11-09,,79,66,0.00,0.0,0.0
2022-11-10,,79,66,0.00,0.0,0.0
2022-11-11,,75,44,0.00,0.0,0.0
2022-11-12,,55,36,0.42,0.0,0.0
2022-11-13,,57,28,0.00,0.0,0.0
2022-11-14,,53,43,0.00,0.0,0.0
2022-11-15,,51,34,0.14,0.0,0.0
2022-11-16,,54,36,0.00,0.0,0.0
2022-11-17,,55,36,0.00,0.0,0.0
2022-11-18,,53,46,0.00,0.0,0.0
2022-11-19,,47,35,0.05,0.0,0.0
2022-11-20,,44,36,0.36,0.0,0.0
2022-11-21,,44,37,0.05,0.0,0.0
2022-11-22,,52,43,0.13,0.0,0.0
2022-11-23,,61,49,0.06,0.0,0.0
2022-11-24,,67,58,0.13,0.0,0.0
2022-11-25,,60,53,0.09,0.0,0.0
2022-11-26,,56,46,1.17,0.0,0.0
2022-11-27,,69,42,0.00,0.0,0.0
2022-11-28,,74,36,0.00,0.0,0.0
2022-11-29,,80,61,0.00,0.0,0.0
2022-11-30,,70,37,0.00,0.0,0.0
2022-12-01,,50,30,0.00,0.0,0.0
2022-12-02,,66,48,0.07,0.0,0.0
2022-12-03,,65,54,0.01,0.0,0.0
2022-12-04,,55,48,0.00,0.0,0.0
2022-12-05,,73,53,0.03,0.0,0.0
2022-12-06,,76,63,0.01,0.0,0.0
2022-12-07,,78,67,0.00,0.0,0.0
2022-12-08,,77,66,0.00,0.0,0.0
2022-12-09,,76,64,0.00,0.0,0.0
2022-12-10,,74,67,0.00,0.0,0.0
2022-12-11,,71,58,0.00,0.0,0.0
2022-12-12,,67,57,0.01,0.0,0.0
2022-12-13,,74,62,0.02,0.0,0.0
2022-12-14,,64,51,0.10,0.0,0.0
2022-12-15,,62,31,0.00,0.0,0.0
2022-12-16,,55,37,0.00,0.0,0.0
2022-12-17,,55,38,0.00,0.0,0.0
2022-12-18,,52,26,0.00,0.0,0.0
2022-12-19,,49,42,0.41,0.0,0.0
2022-12-20,,48,45,1.09,0.0,0.0
2022-12-21,,46,31,0.00,0.0,0.0
2022-12-22,,56,21,0.00,0.0,0.0
2022-12-23,,29,12,0.00,0.0,0.0
2022-12-24,,37,13,0.00,0.0,0.0
2022-12-25,,51,16,0.00,0.0,0.0
2022-12-26,,59,29,0.00,0.0,0.0
2022-12-27,,58,25,0.00,0.0,0.0
2022-12-28,,73,45,0.00,0.0,0.0
2022-12-29,,71,61,0.00,0.0,0.0
2022-12-30,,64,45,0.00,0.0,0.0
2022-12-31,,74,41,0.00,0.0,0.0
2023-01-01,,75,49,0.00,0.0,0.0
2023-01-02,,78,64,0.00,0.0,0.0
2023-01-03,,73,55,0.00,0.0,0.0
2023-01-04,,70,43,0.00,0.0,0.0
2023-01-05,,66,32,0.00,0.0,0.0
2023-01-06,,75,44,0.00,0.0,0.0
2023-01-07,,73,62,0.02,0.0,0.0
2023-01-08,,69,45,0.00,0.0,0.0
2023-01-09,,70,38,0.00,0.0,0.0
2023-01-10,,81,52,0.00,0.0,0.0
2023-01-11,,79,63,0.00,0.0,0.0
2023-01-12,,71,50,0.00,0.0,0.0
2023-01-13,,59,30,0.00,0.0,0.0
2023-01-14,,63,33,0.00,0.0,0.0
2023-01-15,,70,50,0.00,0.0,0.0
2023-01-16,,75,60,0.00,0.0,0.0
2023-01-17,,77,45,0.00,0.0,0.0
2023-01-18,,74,60,0.00,0.0,0.0
2023-01-19,,67,38,0.00,0.0,0.0
2023-01-20,,57,44,0.00,0.0,0.0
2023-01-21,,63,48,0.00,0.0,0.0
2023-01-22,,58,36,0.00,0.0,0.0
2023-01-23,,57,28,0.00,0.0,0.0
2023-01-24,,53,44,0.27,0.0,0.0
2023-01-25,,53,36,0.26,0.0,0.0
2023-01-26,,54,26,0.00,0.0,0.0
2023-01-27,,56,31,0.00,0.0,0.0
2023-01-28,,60,47,0.03,0.0,0.0
2023-01-29,,72,48,0.04,0.0,0.0
2023-01-30,,48,30,0.01,0.0,0.0
2023-01-31,,31,27,0.08,0.1,0.0
2023-02-01,,31,27,0.95,0.3,0.0
2023-02-02,,35,30,0.40,0.4,1.0
2023-02-03,,45,32,0.00,0.0,0.0
2023-02-04,,61,40,0.00,0.0,0.0
2023-02-05,,72,38,0.00,0.0,0.0
2023-02-06,,73,51,0.00,0.0,0.0
2023-02-07,,69,63,0.00,0.0,0.0
2023-02-08,,66,44,0.82,0.0,0.0
2023-02-09,,71,37,0.14,0.0,0.0
2023-02-10,,65,44,0.00,0.0,0.0
2023-02-11,,56,31,0.00,0.0,0.0
2023-02-12,,62,31,0.00,0.0,0.0
2023-02-13,,67,40,0.00,0.0,0.0
2023-02-14,,76,59,0.10,0.0,0.0
2023-02-15,,77,49,0.00,0.0,0.0
2023-02-16,,74,44,0.17,0.0,0.0
2023-02-17,,51,31,0.00,0.0,0.0
2023-02-18,,55,28,0.00,0.0,0.0
2023-02-19,,74,42,0.00,0.0,0.0
2023-02-20,,80,54,0.00,0.0,0.0
2023-02-21,,81,62,0.00,0.0,0.0
2023-02-22,,87,67,0.00,0.0,0.0
2023-02-23,,81,61,0.00,0.0,0.0
2023-02-24,,65,52,0.00,0.0,0.0
2023-02-25,,66,43,0.00,0.0,0.0
2023-02-26,,78,53,0.00,0.0,0.0
2023-02-27,,80,55,0.00,0.0,0.0
2023-02-28,,84,52,0.00,0.0,0.0
2023-03-01,,83,68,0.00,0.0,0.0
2023-03-02,,80,67,0.17,0.0,0.0
2023-03-03,,75,47,0.59,0.0,0.0
2023-03-04,,79,44,0.00,0.0,0.0
2023-03-05,,77,48,0.00,0.0,0.0
2023-03-06,,79,58,0.00,0.0,0.0
2023-03-07,,80,62,0.00,0.0,0.0
2023-03-08,,78,63,0.00,0.0,0.0
2023-03-09,,82,60,0.00,0.0,0.0
2023-03-10,,78,54,0.00,0.0,0.0
2023-03-11,,88,60,0.00,0.0,0.0
2023-03-12,,84,59,0.00,0.0,0.0
2023-03-13,,69,48,0.00,0.0,0.0
2023-03-14,,66,43,0.00,0.0,0.0
2023-03-15,,73,45,0.00,0.0,0.0
2023-03-16,,80,61,0.01,0.0,0.0
2023-03-17,,76,39,0.02,0.0,0.0
2023-03-18,,54,45,0.00,0.0,0.0
2023-03-19,,59,35,0.00,0.0,0.0
2023-03-20,,56,37,0.00,0.0,0.0
2023-03-21,,69,50,0.07,0.0,0.0
2023-03-22,,77,66,0.10,0.0,0.0
2023-03-23,,80,68,0.00,0.0,0.0
2023-03-24,,85,64,0.00,0.0,0.0
2023-03-25,,83,47,0.05,0.0,0.0
2023-03-26,,83,50,0.00,0.0,0.0
2023-03-27,,79,53,0.00,0.0,0.0
2023-03-28,,73,55,0.00,0.0,0.0
2023-03-29,,71,52,0.00,0.0,0.0
2023-03-30,,72,57,0.00,0.0,0.0
2023-03-31,,87,67,0.17,0.0,0.0
2023-04-01,,85,43,0.00,0.0,0.0
2023-04-02,,84,59,0.00,0.0,0.0
2023-04-03,,89,69,0.00,0.0,0.0
2023-04-04,,86,70,0.00,0.0,0.0
2023-04-05,,82,56,0.00,0.0,0.0
2023-04-06,,65,44,0.19,0.0,0.0
2023-04-07,,52,47,2.41,0.0,0.0
2023-04-08,,60,50,0.30,0.0,0.0
2023-04-09,,71,55,0.00,0.0,0.0
2023-04-10,,70,50,0.00,0.0,0.0
2023-04-11,,74,46,0.00,0.0,0.0
2023-04-12,,76,44,0.00,0.0,0.0
2023-04-13,,78,52,0.00,0.0,0.0
2023-04-14,,79,60,0.00,0.0,0.0
2023-04-15,,90,61,0.00,0.0,0.0
2023-04-16,,82,53,0.00,0.0,0.0
2023-04-17,,77,45,0.00,0.0,0.0
2023-04-18,,76,61,0.00,0.0,0.0
2023-04-19,,80,67,0.02,0.0,0.0
2023-04-20,,84,69,0.00,0.0,0.0
2023-04-21,,78,56,0.14,0.0,0.0
2023-04-22,,77,54,0.00,0.0,0.0
2023-04-23,,72,49,0.07,0.0,0.0
2023-04-24,,70,51,0.00,0.0,0.0
2023-04-25,,74,59,0.00,0.0,0.0
2023-04-26,,83,66,0.07,0.0,0.0
2023-04-27,,80,59,0.59,0.0,0.0
2023-04-28,,84,56,0.00,0.0,0.0
2023-04-29,,74,51,0.29,0.0,0.0
2023-04-30,,89,46,0.00,0.0,0.0
2023-05-01,,84,53,0.00,0.0,0.0
2023-05-02,,79,62,0.00,0.0,0.0
2023-05-03,,84,59,0.00,0.0,0.0
2023-05-04,,83,65,0.00,0.0,0.0
2023-05-05,,92,72,0.00,0.0,0.0
2023-05-06,,87,65,0.00,0.0,0.0
2023-05-07,,82,71,0.00,0.0,0.0
2023-05-08,,90,70,0.00,0.0,0.0
2023-05-09,,79,65,0.00,0.0,0.0
2023-05-10,,80,65,0.03,0.0,0.0
2023-05-11,,88,71,0.00,0.0,0.0
2023-05-12,,85,74,0.00,0.0,0.0
2023-05-13,,81,62,1.73,0.0,0.0
2023-05-14,,82,60,0.17,0.0,0.0
2023-05-15,,81,64,1.18,0.0,0.0
2023-05-16,,80,64,0.12,0.0,0.0
2023-05-17,,87,61,0.00,0.0,0.0
2023-05-18,,87,60,0.00,0.0,0.0
2023-05-19,,89,66,0.00,0.0,0.0
2023-05-20,,86,65,0.03,0.0,0.0
2023-05-21,,80,63,0.00,0.0,0.0
2023-05-22,,83,58,0.00,0.0,0.0
2023-05-23,,89,64,0.00,0.0,0.0
2023-05-24,,85,63,0.59,0.0,0.0
2023-05-25,,82,61,0.04,0.0,0.0
2023-05-26,,84,62,0.00,0.0,0.0
2023-05-27,,86,63,0.00,0.0,0.0
2023-05-28,,82,67,0.00,0.0,0.0
2023-05-29,,85,67,0.00,0.0,0.0
2023-05-30,,88,62,0.00,0.0,0.0
2023-05-31,,88,64,0.00,0.0,0.0
2023-06-01,,88,70,0.00,0.0,0.0
2023-06-02,,88,68,0.00,0.0,0.0
2023-06-03,,90,65,0.00,0.0,0.0
2023-06-04,,87,64,0.23,0.0,0.0
2023-06-05,,87,66,0.08,0.0,0.0
2023-06-06,,85,63,0.19,0.0,0.0
2023-06-07,,87,65,0.00,0.0,0.0
2023-06-08,,87,67,0.00,0.0,0.0
2023-06-09,,96,70,0.65,0.0,0.0
2023-06-10,,94,64,1.59,0.0,0.0
2023-06-11,,96,73,0.00,0.0,0.0
2023-06-12,,94,74,0.00,0.0,0.0
2023-06-13,,91,75,0.00,0.0,0.0
2023-06-14,,92,77,0.00,0.0,0.0
2023-06-15,,96,79,0.00,0.0,0.0
2023-06-16,,98,78,0.00,0.0,0.0
2023-06-17,,93,77,0.00,0.0,0.0
2023-06-18,,100,77,0.00,0.0,0.0
2023-06-19,,99,77,0.00,0.0,0.0
2023-06-20,,102,77,0.00,0.0,0.0
2023-06-21,,101,77,0.00,0.0,0.0
2023-06-22,,93,70,0.76,0.0,0.0
2023-06-23,,94,73,0.00,0.0,0.0
2023-06-24,,98,75,0.00,0.0,0.0
2023-06-25,,98,76,0.00,0.0,0.0
2023-06-26,,99,76,0.00,0.0,0.0
2023-06-27,,100,76,0.00,0.0,0.0
2023-06-28,,98,74,0.00,0.0,0.0
2023-06-29,,96,76,0.00,0.0,0.0
2023-06-30,,96,75,0.00,0.0,0.0
2023-07-01,,97,75,0.00,0.0,0.0
2023-07-02,,94,74,0.00,0.0,0.0
2023-07-03,,94,75,0.00,0.0,0.0
2023-07-04,,93,75,0.00,0.0,0.0
2023-07-05,,93,77,0.00,0.0,0.0
2023-07-06,,90,75,0.00,0.0,0.0
2023-07-07,,89,72,0.02,0.0,0.0
2023-07-08,,98,73,0.00,0.0,0.0
2023-07-09,,99,76,0.00,0.0,0.0
2023-07-10,,100,76,0.00,0.0,0.0
2023-07-11,,101,77,0.00,0.0,0.0
2023-07-12,,102,77,0.00,0.0,0.0
2023-07-13,,101,77,0.00,0.0,0.0
2023-07-14,,102,77,0.00,0.0,0.0
2023-07-15,,102,77,0.00,0.0,0.0
2023-07-16,,101,75,0.00,0.0,0.0
2023-07-17,,102,74,0.00,0.0,0.0
2023-07-18,,102,75,0.00,0.0,0.0
2023-07-19,,100,75,0.00,0.0,0.0
2023-07-20,,101,76,0.00,0.0,0.0
2023-07-21,,100,74,0.00,0.0,0.0
2023-07-22,,101,75,0.00,0.0,0.0
2023-07-23,,102,75,0.00,0.0,0.0
2023-07-24,,100,70,0.00,0.0,0.0
2023-07-25,,99,72,0.00,0.0,0.0
2023-07-26,,99,75,0.00,0.0,0.0
2023-07-27,,98,74,0.00,0.0,0.0
2023-07-28,,99,75,0.00,0.0,0.0
2023-07-29,,99,70,0.00,0.0,0.0
2023-07-30,,100,72,0.00,0.0,0.0
2023-07-31,,101,75,0.00,0.0,0.0
2023-08-01,,102,76,0.00,0.0,0.0
2023-08-02,,101,76,0.04,0.0,0.0
2023-08-03,,101,75,0.00,0.0,0.0
2023-08-04,,102,76,0.00,0.0,0.0
2023-08-05,,103,76,0.00,0.0,0.0
2023-08-06,,103,76,0.00,0.0,0.0
2023-08-07,,104,77,0.00,0.0,0.0
2023-08-08,,103,77,0.00,0.0,0.0
2023-08-09,,104,75,0.00,0.0,0.0
2023-08-10,,104,77,0.00,0.0,0.0
2023-08-11,,104,77,0.00,0.0,0.0
2023-08-12,,103,78,0.00,0.0,0.0
2023-08-13,,102,78,0.00,0.0,0.0
2023-08-14,,103,76,0.00,0.0,0.0
2023-08-15,,100,76,0.00,0.0,0.0
2023-08-16,,102,68,0.00,0.0,0.0
2023-08-17,,106,77,0.00,0.0,0.0
2023-08-18,,102,78,0.00,0.0,0.0
2023-08-19,,101,72,0.00,0.0,0.0
2023-08-20,,103,75,0.00,0.0,0.0
2023-08-21,,103,79,0.00,0.0,0.0
2023-08-22,,96,74,0.00,0.0,0.0
2023-08-23,,99,76,0.05,0.0,0.0
2023-08-24,,102,74,0.00,0.0,0.0
2023-08-25,,102,75,0.00,0.0,0.0
2023-08-26,,102,73,0.00,0.0,0.0
2023-08-27,,106,77,0.00,0.0,0.0
2023-08-28,,98,72,0.04,0.0,0.0
2023-08-29,,97,68,0.00,0.0,0.0
2023-08-30,,99,63,0.00,0.0,0.0
2023-08-31,,98,66,0.00,0.0,0.0
2023-09-01,,99,69,0.00,0.0,0.0
2023-09-02,,99,69,0.00,0.0,0.0
2023-09-03,,99,73,0.00,0.0,0.0
2023-09-04,,100,77,0.00,0.0,0.0
2023-09-05,,101,78,0.00,0.0,0.0
2023-09-06,,101,77,0.00,0.0,0.0
2023-09-07,,103,77,0.00,0.0,0.0
2023-09-08,,104,78,0.00,0.0,0.0
2023-09-09,,100,73,0.00,0.0,0.0
2023-09-10,,98,77,0.00,0.0,0.0
2023-09-11,,95,74,0.00,0.0,0.0
2023-09-12,,93,76,0.00,0.0,0.0
2023-09-13,,87,69,0.07,0.0,0.0
2023-09-14,,93,71,0.24,0.0,0.0
2023-09-15,,85,69,0.43,0.0,0.0
2023-09-16,,83,68,0.00,0.0,0.0
2023-09-17,,91,64,0.25,0.0,0.0
2023-09-18,,94,62,0.00,0.0,0.0
2023-09-19,,95,72,0.00,0.0,0.0
2023-09-20,,96,70,0.00,0.0,0.0
2023-09-21,,94,75,0.00,0.0,0.0
2023-09-22,,97,73,0.00,0.0,0.0
2023-09-23,,98,76,0.00,0.0,0.0
2023-09-24,,101,76,0.00,0.0,0.0
2023-09-25,,95,75,0.22,0.0,0.0
2023-09-26,,94,67,0.00,0.0,0.0
2023-09-27,,93,66,0.00,0.0,0.0
2023-09-28,,94,69,0.00,0.0,0.0
2023-09-29,,93,70,0.00,0.0,0.0
2023-09-30,,92,68,0.00,0.0,0.0
2023-10-01,,91,66,0.00,0.0,0.0
2023-10-02,,92,65,0.00,0.0,0.0
2023-10-03,,92,65,0.00,0.0,0.0
2023-10-04,,95,75,0.00,0.0,0.0
2023-10-05,,91,66,2.50,0.0,0.0
2023-10-06,,84,63,0.05,0.0,0.0
2023-10-07,,77,61,0.00,0.0,0.0
2023-10-08,,78,46,0.00,0.0,0.0
2023-10-09,,82,53,0.00,0.0,0.0
2023-10-10,,77,63,0.00,0.0,0.0
2023-10-11,,70,64,0.00,0.0,0.0
2023-10-12,,82,66,0.00,0.0,0.0
2023-10-13,,88,72,0.00,0.0,0.0
2023-10-14,,80,59,0.00,0.0,0.0
2023-10-15,,73,48,0.00,0.0,0.0
2023-10-16,,72,40,0.00,0.0,0.0
2023-10-17,,76,38,0.00,0.0,0.0
2023-10-18,,81,53,0.00,0.0,0.0
2023-10-19,,84,56,0.00,0.0,0.0
2023-10-20,,94,50,0.00,0.0,0.0
2023-10-21,,92,54,0.00,0.0,0.0
2023-10-22,,85,68,0.00,0.0,0.0
2023-10-23,,81,69,0.61,0.0,0.0
2023-10-24,,78,70,0.47,0.0,0.0
2023-10-25,,83,72,0.20,0.0,0.0
2023-10-26,,79,70,0.05,0.0,0.0
2023-10-27,,84,73,0.61,0.0,0.0
2023-10-28,,84,72,0.50,0.0,0.0
2023-10-29,,79,46,0.02,0.0,0.0
2023-10-30,,47,44,0.60,0.0,0.0
2023-10-31,,57,42,0.05,0.0,0.0
2023-11-01,,58,31,0.00,0.0,0.0
2023-11-02,,64,33,0.00,0.0,0.0
2023-11-03,,73,45,0.00,0.0,0.0
2023-11-04,,77,57,0.00,0.0,0.0
2023-11-05,,78,56,0.00,0.0,0.0
2023-11-06,,79,63,0.00,0.0,0.0
2023-11-07,,82,65,0.00,0.0,0.0
2023-11-08,,78,69,0.00,0.0,0.0
2023-11-09,,73,61,0.00,0.0,0.0
2023-11-10,,61,51,1.11,0.0,0.0
2023-11-11,,58,51,0.07,0.0,0.0
2023-11-12,,60,54,0.03,0.0,0.0
2023-11-13,,62,52,0.00,0.0,0.0
2023-11-14,,69,53,0.00,0.0,0.0
2023-11-15,,71,45,0.00,0.0,0.0
2023-11-16,,62,46,0.00,0.0,0.0
2023-11-17,,79,54,0.00,0.0,0.0
2023-11-18,,68,58,0.00,0.0,0.0
2023-11-19,,64,55,0.00,0.0,0.0
2023-11-20,,80,64,0.06,0.0,0.0
2023-11-21,,68,52,0.00,0.0,0.0
2023-11-22,,62,34,0.00,0.0,0.0
2023-11-23,,58,40,0.00,0.0,0.0
2023-11-24,,62,35,0.00,0.0,0.0
2023-11-25,,58,41,0.00,0.0,0.0
2023-11-26,,54,45,0.06,0.0,0.0
2023-11-27,,54,32,0.00,0.0,0.0
2023-11-28,,59,45,0.00,0.0,0.0
2023-11-29,,61,41,0.00,0.0,0.0
2023-11-30,,72,55,0.10,0.0,0.0
2023-12-01,,68,50,0.02,0.0,0.0
2023-12-02,,66,40,0.00,0.0,0.0
2023-12-03,,72,37,0.00,0.0,0.0
2023-12-04,,65,42,0.00,0.0,0.0
2023-12-05,,70,34,0.00,0.0,0.0
2023-12-06,,66,38,0.00,0.0,0.0
2023-12-07,,69,47,0.00,0.0,0.0
2023-12-08,,70,63,0.00,0.0,0.0
2023-12-09,,71,61,0.00,0.0,0.0
2023-12-10,,62,38,0.00,0.0,0.0
2023-12-11,,63,30,0.00,0.0,0.0
2023-12-12,,66,35,0.00,0.0,0.0
2023-12-13,,62,49,0.00,0.0,0.0
2023-12-14,,63,45,0.16,0.0,0.0
2023-12-15,,63,55,0.00,0.0,0.0
2023-12-16,,61,42,0.24,0.0,0.0
2023-12-17,,68,31,0.00,0.0,0.0
2023-12-18,,65,39,0.00,0.0,0.0
2023-12-19,,64,36,0.00,0.0,0.0
2023-12-20,,69,51,0.00,0.0,0.0
2023-12-21,,64,58,0.20,0.0,0.0
2023-12-22,,69,59,0.31,0.0,0.0
2023-12-23,,68,60,0.00,0.0,0.0
2023-12-24,,70,57,0.51,0.0,0.0
2023-12-25,,57,39,0.07,0.0,0.0
2023-12-26,,57,30,0.00,0.0,0.0
2023-12-27,,60,31,0.00,0.0,0.0
2023-12-28,,58,31,0.00,0.0,0.0
2023-12-29,,57,31,0.00,0.0,0.0
2023-12-30,,68,28,0.00,0.0,0.0
2023-12-31,,70,37,0.00,0.0,0.0
2024-01-01,,58,40,0.00,0.0,0.0
2024-01-02,,49,33,0.00,0.0,0.0
2024-01-03,,48,42,1.52,0.0,0.0
2024-01-04,,52,40,0.00,0.0,0.0
2024-01-05,,62,46,0.21,0.0,0.0
2024-01-06,,63,32,0.00,0.0,0.0
2024-01-07,,61,30,0.00,0.0,0.0
2024-01-08,,67,48,0.21,0.0,0.0
2024-01-09,,57,40,0.27,0.0,0.0
2024-01-10,,64,31,0.00,0.0,0.0
2024-01-11,,70,42,0.00,0.0,0.0
2024-01-12,,67,40,0.00,0.0,0.0
2024-01-13,,60,31,0.00,0.0,0.0
2024-01-14,,52,21,0.00,0.0,0.0
2024-01-15,,22,15,0.00,0.0,0.0
2024-01-16,,31,15,0.00,0.0,0.0
2024-01-17,,43,12,0.00,0.0,0.0
2024-01-18,,75,35,0.00,0.0,0.0
2024-01-19,,59,33,0.00,0.0,0.0
2024-01-20,,40,23,0.00,0.0,0.0
2024-01-21,,38,35,0.00,0.0,0.0
2024-01-22,,58,35,2.53,0.0,0.0
2024-01-23,,64,52,0.21,0.0,0.0
2024-01-24,,61,52,0.46,0.0,0.0
2024-01-25,,61,47,0.87,0.0,0.0
2024-01-26,,57,48,0.03,0.0,0.0
2024-01-27,,60,47,0.00,0.0,0.0
2024-01-28,,63,34,0.00,0.0,0.0
2024-01-29,,69,40,0.00,0.0,0.0
2024-01-30,,71,43,0.00,0.0,0.0
2024-01-31,,71,38,0.00,0.0,0.0
2024-02-01,,70,47,0.00,0.0,0.0
2024-02-02,,66,58,0.00,0.0,0.0
2024-02-03,,69,53,0.53,0.0,0.0
2024-02-04,,64,45,0.00,0.0,0.0
2024-02-05,,62,49,0.00,0.0,0.0
2024-02-06,,67,34,0.00,0.0,0.0
2024-02-07,,67,46,0.00,0.0,0.0
2024-02-08,,69,57,0.00,0.0,0.0
2024-02-09,,72,56,0.00,0.0,0.0
2024-02-10,,68,57,0.00,0.0,0.0
2024-02-11,,59,51,0.67,0.0,0.0
2024-02-12,,57,39,0.00,0.0,0.0
2024-02-13,,66,31,0.00,0.0,0.0
2024-02-14,,64,42,0.00,0.0,0.0
2024-02-15,,68,57,0.00,0.0,0.0
2024-02-16,,73,59,0.00,0.0,0.0
2024-02-17,,68,36,0.00,0.0,0.0
2024-02-18,,53,29,0.00,0.0,0.0
2024-02-19,,67,34,0.00,0.0,0.0
2024-02-20,,78,44,0.00,0.0,0.0
2024-02-21,,75,59,0.00,0.0,0.0
2024-02-22,,84,61,0.00,0.0,0.0
2024-02-23,,79,43,0.00,0.0,0.0
2024-02-24,,77,40,0.00,0.0,0.0
2024-02-25,,83,57,0.00,0.0,0.0
2024-02-26,,87,58,0.00,0.0,0.0
2024-02-27,,80,65,0.00,0.0,0.0
2024-02-28,,76,49,0.00,0.0,0.0
2024-02-29,,49,41,0.00,0.0,0.0
2024-03-01,,70,43,0.00,0.0,0.0
2024-03-02,,81,50,0.00,0.0,0.0
2024-03-03,,77,62,0.00,0.0,0.0
2024-03-04,,82,65,0.00,0.0,0.0
2024-03-05,,87,54,0.00,0.0,0.0
2024-03-06,,83,49,0.00,0.0,0.0
2024-03-07,,77,64,0.00,0.0,0.0
2024-03-08,,79,57,0.70,0.0,0.0
2024-03-09,,69,44,0.00,0.0,0.0
2024-03-10,,67,35,0.00,0.0,0.0
2024-03-11,,72,51,0.00,0.0,0.0
2024-03-12,,75,56,0.00,0.0,0.0
2024-03-13,,82,64,0.00,0.0,0.0
2024-03-14,,79,68,0.00,0.0,0.0
2024-03-15,,75,64,0.09,0.0,0.0
2024-03-16,,73,59,0.02,0.0,0.0
2024-03-17,,67,59,0.88,0.0,0.0
2024-03-18,,64,52,0.05,0.0,0.0
2024-03-19,,64,41,0.00,0.0,0.0
2024-03-20,,65,47,0.00,0.0,0.0
2024-03-21,,63,57,0.05,0.0,0.0
2024-03-22,,77,51,0.19,0.0,0.0
2024-03-23,,71,45,0.00,0.0,0.0
2024-03-24,,71,56,0.00,0.0,0.0
2024-03-25,,77,53,0.24,0.0,0.0
2024-03-26,,72,43,0.00,0.0,0.0
2024-03-27,,69,43,0.00,0.0,0.0
2024-03-28,,76,43,0.47,0.0,0.0
2024-03-29,,76,56,0.00,0.0,0.0
2024-03-30,,74,63,0.00,0.0,0.0
2024-03-31,,77,65,0.00,0.0,0.0
2024-04-01,,81,68,0.00,0.0,0.0
2024-04-02,,77,59,0.01,0.0,0.0
2024-04-03,,79,41,0.00,0.0,0.0
2024-04-04,,86,44,0.00,0.0,0.0
2024-04-05,,84,59,0.00,0.0,0.0
2024-04-06,,78,59,0.00,0.0,0.0
2024-04-07,,78,54,0.06,0.0,0.0
2024-04-08,,77,58,0.00,0.0,0.0
2024-04-09,,83,70,0.02,0.0,0.0
2024-04-10,,71,54,0.63,0.0,0.0
2024-04-11,,80,49,0.00,0.0,0.0
2024-04-12,,80,50,0.00,0.0,0.0
2024-04-13,,80,61,0.00,0.0,0.0
2024-04-14,,83,64,0.00,0.0,0.0
2024-04-15,,81,67,0.01,0.0,0.0
2024-04-16,,80,68,0.04,0.0,0.0
2024-04-17,,81,70,0.00,0.0,0.0
2024-04-18,,85,71,0.00,0.0,0.0
2024-04-19,,82,61,0.00,0.0,0.0
2024-04-20,,70,55,0.00,0.0,0.0
2024-04-21,,67,48,0.91,0.0,0.0
2024-04-22,,71,44,0.00,0.0,0.0
2024-04-23,,74,54,0.00,0.0,0.0
2024-04-24,,81,67,0.01,0.0,0.0
2024-04-25,,80,68,0.00,0.0,0.0
2024-04-26,,82,71,0.00,0.0,0.0
2024-04-27,,82,72,0.00,0.0,0.0
2024-04-28,,78,61,0.00,0.0,0.0
2024-04-29,,86,67,0.92,0.0,0.0
2024-04-30,,84,67,0.00,0.0,0.0
2024-05-01,,80,70,0.00,0.0,0.0
2024-05-02,,74,68,0.23,0.0,0.0
2024-05-03,,74,69,0.06,0.0,0.0
2024-05-04,,78,69,0.07,0.0,0.0
2024-05-05,,78,63,0.48,0.0,0.0
2024-05-06,,84,71,0.23,0.0,0.0
2024-05-07,,85,70,0.00,0.0,0.0
2024-05-08,,86,73,0.00,0.0,0.0
2024-05-09,,90,74,0.00,0.0,0.0
2024-05-10,,86,66,0.34,0.0,0.0
2024-05-11,,79,63,0.00,0.0,0.0
2024-05-12,,77,65,0.00,0.0,0.0
2024-05-13,,78,66,0.03,0.0,0.0
2024-05-14,,89,56,0.10,0.0,0.0
2024-05-15,,90,66,0.00,0.0,0.0
2024-05-16,,85,63,0.00,0.0,0.0
2024-05-17,,84,57,0.71,0.0,0.0
2024-05-18,,93,67,0.00,0.0,0.0
2024-05-19,,90,70,0.00,0.0,0.0
2024-05-20,,91,68,0.00,0.0,0.0
2024-05-21,,92,74,0.00,0.0,0.0
2024-05-22,,91,76,0.00,0.0,0.0
2024-05-23,,89,76,0.00,0.0,0.0
2024-05-24,,91,75,0.00,0.0,0.0
2024-05-25,,96,76,0.00,0.0,0.0
2024-05-26,,93,75,0.00,0.0,0.0
2024-05-27,,97,78,0.00,0.0,0.0
2024-05-28,,88,69,0.00,0.0,0.0
2024-05-29,,87,67,2.09,0.0,0.0
2024-05-30,,90,75,0.00,0.0,0.0
2024-05-31,,88,63,1.27,0.0,0.0
2024-06-01,,89,70,0.23,0.0,0.0
2024-06-02,,90,75,0.00,0.0,0.0
2024-06-03,,92,77,0.00,0.0,0.0
2024-06-04,,95,78,0.00,0.0,0.0
2024-06-05,,93,69,0.00,0.0,0.0
2024-06-06,,94,69,0.00,0.0,0.0
2024-06-07,,94,69,0.00,0.0,0.0
2024-06-08,,93,73,0.00,0.0,0.0
2024-06-09,,92,72,0.00,0.0,0.0
2024-06-10,,92,76,0.00,0.0,0.0
2024-06-11,,92,70,0.00,0.0,0.0
2024-06-12,,90,70,0.12,0.0,0.0
2024-06-13,,93,72,0.00,0.0,0.0
2024-06-14,,93,73,0.00,0.0,0.0
2024-06-15,,93,73,0.00,0.0,0.0
2024-06-16,,93,74,0.00,0.0,0.0
2024-06-17,,93,77,0.00,0.0,0.0
2024-06-18,,92,74,0.00,0.0,0.0
2024-06-19,,87,74,0.00,0.0,0.0
2024-06-20,,85,71,2.12,0.0,0.0
2024-06-21,,87,74,0.44,0.0,0.0
2024-06-22,,91,73,0.00,0.0,0.0
2024-06-23,,92,69,0.00,0.0,0.0
2024-06-24,,92,76,0.00,0.0,0.0
2024-06-25,,93,77,0.00,0.0,0.0
2024-06-26,,93,77,0.00,0.0,0.0
2024-06-27,,95,76,0.00,0.0,0.0
2024-06-28,,95,77,0.00,0.0,0.0
2024-06-29,,95,79,0.00,0.0,0.0
2024-06-30,,94,78,0.00,0.0,0.0
2024-07-01,,95,73,0.00,0.0,0.0
2024-07-02,,97,75,0.00,0.0,0.0
2024-07-03,,95,75,0.00,0.0,0.0
2024-07-04,,96,77,0.00,0.0,0.0
2024-07-05,,95,76,0.00,0.0,0.0
2024-07-06,,94,71,0.00,0.0,0.0
2024-07-07,,91,72,0.27,0.0,0.0
2024-07-08,,91,75,0.00,0.0,0.0
2024-07-09,,94,69,0.00,0.0,0.0
2024-07-10,,94,72,0.00,0.0,0.0
2024-07-11,,93,68,0.00,0.0,0.0
2024-07-12,,89,70,0.00,0.0,0.0
2024-07-13,,87,70,0.02,0.0,0.0
2024-07-14,,89,74,0.22,0.0,0.0
2024-07-15,,94,74,0.00,0.0,0.0
2024-07-16,,95,74,0.00,0.0,0.0
2024-07-17,,95,75,0.00,0.0,0.0
2024-07-18,,91,71,0.00,0.0,0.0
2024-07-19,,91,71,1.36,0.0,0.0
2024-07-20,,93,72,0.00,0.0,0.0
2024-07-21,,92,73,0.00,0.0,0.0
2024-07-22,,86,73,0.03,0.0,0.0
2024-07-23,,79,72,0.60,0.0,0.0
2024-07-24,,86,70,0.35,0.0,0.0
2024-07-25,,86,70,0.00,0.0,0.0
2024-07-26,,84,70,0.23,0.0,0.0
2024-07-27,,84,72,0.00,0.0,0.0
2024-07-28,,84,72,0.00,0.0,0.0
2024-07-29,,91,76,0.99,0.0,0.0
2024-07-30,,91,77,0.00,0.0,0.0
2024-07-31,,92,76,0.00,0.0,0.0
2024-08-01,,93,74,0.00,0.0,0.0
2024-08-02,,95,75,0.00,0.0,0.0
2024-08-03,,96,76,0.00,0.0,0.0
2024-08-04,,94,77,0.00,0.0,0.0
2024-08-05,,94,71,0.00,0.0,0.0
2024-08-06,,95,73,0.00,0.0,0.0
2024-08-07,,98,75,0.00,0.0,0.0
2024-08-08,,96,73,0.00,0.0,0.0
2024-08-09,,95,73,0.00,0.0,0.0
2024-08-10,,95,72,0.00,0.0,0.0
2024-08-11,,95,77,0.00,0.0,0.0
2024-08-12,,95,76,0.00,0.0,0.0
2024-08-13,,95,76,0.00,0.0,0.0
2024-08-14,,95,76,0.00,0.0,0.0
2024-08-15,,96,77,0.00,0.0,0.0
2024-08-16,,96,76,0.00,0.0,0.0
2024-08-17,,96,76,0.00,0.0,0.0
2024-08-18,,97,77,0.00,0.0,0.0
2024-08-19,,98,75,0.00,0.0,0.0
2024-08-20,,102,78,0.00,0.0,0.0
2024-08-21,,104,75,0.00,0.0,0.0
2024-08-22,,101,76,0.00,0.0,0.0
2024-08-23,,97,78,0.00,0.0,0.0
2024-08-24,,94,76,0.00,0.0,0.0
2024-08-25,,94,73,0.00,0.0,0.0
2024-08-26,,91,70,0.00,0.0,0.0
2024-08-27,,89,72,0.79,0.0,0.0
2024-08-28,,90,73,0.07,0.0,0.0
2024-08-29,,89,69,0.14,0.0,0.0
2024-08-30,,90,72,0.00,0.0,0.0
2024-08-31,,92,71,0.00,0.0,0.0
2024-09-01,,93,71,0.00,0.0,0.0
2024-09-02,,87,75,0.02,0.0,0.0
2024-09-03,,85,74,0.05,0.0,0.0
2024-09-04,,85,71,0.64,0.0,0.0
2024-09-05,,84,71,0.00,0.0,0.0
2024-09-06,,88,71,0.00,0.0,0.0
2024-09-07,,87,67,0.00,0.0,0.0
2024-09-08,,83,55,0.00,0.0,0.0
2024-09-09,,85,49,0.00,0.0,0.0
2024-09-10,,89,56,0.00,0.0,0.0
2024-09-11,,89,71,0.00,0.0,0.0
2024-09-12,,91,68,0.00,0.0,0.0
2024-09-13,,94,67,0.00,0.0,0.0
2024-09-14,,94,74,0.00,0.0,0.0
2024-09-15,,96,74,0.00,0.0,0.0
2024-09-16,,94,68,0.00,0.0,0.0
2024-09-17,,94,70,0.00,0.0,0.0
2024-09-18,,94,74,0.00,0.0,0.0
2024-09-19,,95,76,0.00,0.0,0.0
2024-09-20,,95,75,0.00,0.0,0.0
2024-09-21,,93,75,0.00,0.0,0.0
2024-09-22,,93,74,0.00,0.0,0.0
2024-09-23,,89,74,0.00,0.0,0.0
2024-09-24,,92,67,0.00,0.0,0.0
2024-09-25,,92,72,0.00,0.0,0.0
2024-09-26,,86,59,0.00,0.0,0.0
2024-09-27,,91,54,0.00,0.0,0.0
2024-09-28,,92,56,0.00,0.0,0.0
2024-09-29,,91,56,0.00,0.0,0.0
2024-09-30,,93,57,0.00,0.0,0.0
2024-10-01,,93,62,0.00,0.0,0.0
2024-10-02,,90,60,0.00,0.0,0.0
2024-10-03,,91,65,0.00,0.0,0.0
2024-10-04,,90,59,0.00,0.0,0.0
2024-10-05,,90,62,0.00,0.0,0.0
2024-10-06,,90,63,0.00,0.0,0.0
2024-10-07,,90,58,0.00,0.0,0.0
2024-10-08,,90,60,0.00,0.0,0.0
2024-10-09,,90,55,0.00,0.0,0.0
2024-10-10,,92,58,0.00,0.0,0.0
2024-10-11,,90,67,0.00,0.0,0.0
2024-10-12,,93,64,0.00,0.0,0.0
2024-10-13,,97,68,0.00,0.0,0.0
2024-10-14,,93,67,0.00,0.0,0.0
2024-10-15,,94,56,0.00,0.0,0.0
2024-10-16,,88,61,0.00,0.0,0.0
2024-10-17,,73,49,0.00,0.0,0.0
2024-10-18,,78,54,0.00,0.0,0.0
2024-10-19,,82,63,0.01,0.0,0.0
2024-10-20,,82,55,0.00,0.0,0.0
2024-10-21,,83,52,0.00,0.0,0.0
2024-10-22,,84,67,0.00,0.0,0.0
2024-10-23,,87,62,0.00,0.0,0.0
2024-10-24,,85,67,0.00,0.0,0.0
2024-10-25,,87,68,0.00,0.0,0.0
2024-10-26,,88,60,0.00,0.0,0.0
2024-10-27,,89,61,0.00,0.0,0.0
2024-10-28,,86,65,0.00,0.0,0.0
2024-10-29,,86,71,0.00,0.0,0.0
2024-10-30,,87,71,0.00,0.0,0.0
2024-10-31,,83,69,0.00,0.0,0.0
2024-11-01,,76,66,0.01,0.0,0.0
2024-11-02,,75,69,0.00,0.0,0.0
2024-11-03,,83,71,0.16,0.0,0.0
2024-11-04,,83,72,0.03,0.0,0.0
2024-11-05,,80,56,1.90,0.0,0.0
2024-11-06,,75,42,0.00,0.0,0.0
2024-11-07,,83,59,0.00,0.0,0.0
2024-11-08,,83,60,0.00,0.0,0.0
2024-11-09,,76,53,0.00,0.0,0.0
2024-11-10,,82,53,0.00,0.0,0.0
2024-11-11,,81,52,0.00,0.0,0.0
2024-11-12,,79,51,0.00,0.0,0.0
2024-11-13,,82,62,0.00,0.0,0.0
2024-11-14,,72,41,0.00,0.0,0.0
2024-11-15,,74,42,0.00,0.0,0.0
2024-11-16,,79,50,0.00,0.0,0.0
2024-11-17,,82,59,0.00,0.0,0.0
2024-11-18,,79,55,0.00,0.0,0.0
2024-11-19,,80,47,0.44,0.0,0.0
2024-11-20,,64,47,0.00,0.0,0.0
2024-11-21,,69,32,0.00,0.0,0.0
2024-11-22,,74,37,0.00,0.0,0.0
2024-11-23,,75,44,0.00,0.0,0.0
2024-11-24,,79,58,0.00,0.0,0.0
2024-11-25,,80,56,0.00,0.0,0.0
2024-11-26,,64,40,0.00,0.0,0.0
2024-11-27,,77,54,0.00,0.0,0.0
2024-11-28,,69,48,0.00,0.0,0.0
2024-11-29,,56,36,0.00,0.0,0.0
2024-11-30,,63,37,0.00,0.0,0.0
2024-12-01,,68,42,0.00,0.0,0.0
2024-12-02,,65,37,0.00,0.0,0.0
2024-12-03,,60,42,0.00,0.0,0.0
2024-12-04,,57,50,0.12,0.0,0.0
2024-12-05,,57,52,0.08,0.0,0.0
2024-12-06,,52,42,0.03,0.0,0.0
2024-12-07,,47,40,0.00,0.0,0.0
2024-12-08,,59,43,0.56,0.0,0.0
2024-12-09,,81,51,0.00,0.0,0.0
2024-12-10,,74,46,0.00,0.0,0.0
2024-12-11,,60,34,0.00,0.0,0.0
2024-12-12,,63,34,0.00,0.0,0.0
2024-12-13,,63,55,0.00,0.0,0.0
2024-12-14,,75,63,0.33,0.0,0.0
2024-12-15,,75,67,0.12,0.0,0.0
2024-12-16,,77,67,0.04,0.0,0.0
2024-12-17,,77,63,0.00,0.0,0.0
2024-12-18,,69,57,0.00,0.0,0.0
2024-12-19,,68,33,0.00,0.0,0.0
2024-12-20,,64,36,0.00,0.0,0.0
2024-12-21,,60,31,0.00,0.0,0.0
2024-12-22,,67,43,0.00,0.0,0.0
2024-12-23,,74,55,0.00,0.0,0.0
2024-12-24,,71,64,0.00,0.0,0.0
2024-12-25,,65,53,0.00,0.0,0.0
2024-12-26,,74,55,0.03,0.0,0.0
2024-12-27,,78,39,0.05,0.0,0.0
2024-12-28,,78,59,0.00,0.0,0.0
2024-12-29,,76,44,0.16,0.0,0.0
2024-12-30,,87,57,0.00,0.0,0.0
2024-12-31,,68,44,0.00,0.0,0.0
2025-01-01,,57,38,0.00,0.0,0.0
2025-01-02,,62,34,0.00,0.0,0.0
2025-01-03,,61,56,0.01,0.0,0.0
2025-01-04,,68,51,0.00,0.0,0.0
2025-01-05,,70,51,0.00,0.0,0.0
2025-01-06,,51,26,0.00,0.0,0.0
2025-01-07,,46,22,0.00,0.0,0.0
2025-01-08,,39,32,0.00,0.0,0.0
2025-01-09,,38,33,0.00,0.0,0.0
2025-01-10,,42,33,1.01,0.0,0.0
2025-01-11,,56,26,0.00,0.0,0.0
2025-01-12,,59,31,0.00,0.0,0.0
2025-01-13,,54,35,0.00,0.0,0.0
2025-01-14,,53,26,0.00,0.0,0.0
2025-01-15,,60,46,0.00,0.0,0.0
2025-01-16,,62,28,0.00,0.0,0.0
2025-01-17,,59,42,0.00,0.0,0.0
2025-01-18,,59,43,0.00,0.0,0.0
2025-01-19,,52,25,0.00,0.0,0.0
2025-01-20,,34,17,0.00,0.0,0.0
2025-01-21,,35,24,0.12,0.8,1.0
2025-01-22,,50,20,0.00,0.0,0.0
2025-01-23,,53,26,0.00,0.0,0.0
2025-01-24,,56,20,0.00,0.0,0.0
2025-01-25,,59,38,0.00,0.0,0.0
2025-01-26,,57,46,0.08,0.0,0.0
2025-01-27,,52,43,0.04,0.0,0.0
2025-01-28,,51,46,0.02,0.0,0.0
2025-01-29,,67,50,0.17,0.0,0.0
2025-01-30,,67,52,0.08,0.0,0.0
2025-01-31,,69,42,1.09,0.0,0.0
2025-02-01,,73,33,0.00,0.0,0.0
2025-02-02,,78,49,0.00,0.0,0.0
2025-02-03,,81,57,0.00,0.0,0.0
2025-02-04,,80,63,0.00,0.0,0.0
2025-02-05,,74,65,0.00,0.0,0.0
2025-02-06,,78,63,0.00,0.0,0.0
2025-02-07,,77,67,0.00,0.0,0.0
2025-02-08,,84,67,0.00,0.0,0.0
2025-02-09,,80,51,0.00,0.0,0.0
2025-02-10,,55,44,0.01,0.0,0.0
2025-02-11,,52,46,0.20,0.0,0.0
2025-02-12,,50,44,1.19,0.0,0.0
2025-02-13,,45,30,0.00,0.0,0.0
2025-02-14,,50,31,0.00,0.0,0.0
2025-02-15,,76,45,0.07,0.0,0.0
2025-02-16,,73,33,0.00,0.0,0.0
2025-02-17,,60,27,0.00,0.0,0.0
2025-02-18,,58,40,0.00,0.0,0.0
2025-02-19,,40,17,0.18,0.0,0.0
2025-02-20,,34,16,0.00,0.0,0.0
2025-02-21,,36,28,0.00,0.0,0.0
2025-02-22,,40,29,0.00,0.0,0.0
2025-02-23,,64,39,0.11,0.0,0.0
2025-02-24,,74,38,0.00,0.0,0.0
2025-02-25,,76,46,0.00,0.0,0.0
2025-02-26,,79,57,0.00,0.0,0.0
2025-02-27,,76,55,0.00,0.0,0.0
2025-02-28,,75,38,0.00,0.0,0.0
2025-03-01,,81,50,0.00,0.0,0.0
2025-03-02,,78,56,0.00,0.0,0.0
2025-03-03,,76,65,0.00,0.0,0.0
2025-03-04,,73,52,0.15,0.0,0.0
2025-03-05,,70,47,0.00,0.0,0.0
2025-03-06,,72,41,0.00,0.0,0.0
2025-03-07,,82,58,0.00,0.0,0.0
2025-03-08,,79,57,0.00,0.0,0.0
2025-03-09,,61,42,0.00,0.0,0.0
2025-03-10,,77,32,0.00,0.0,0.0
2025-03-11,,81,47,0.00,0.0,0.0
2025-03-12,,89,59,0.00,0.0,0.0
2025-03-13,,89,51,0.00,0.0,0.0
2025-03-14,,93,63,0.00,0.0,0.0
2025-03-15,,87,57,0.00,0.0,0.0
2025-03-16,,78,39,0.00,0.0,0.0
2025-03-17,,83,40,0.00,0.0,0.0
2025-03-18,,83,58,0.00,0.0,0.0
2025-03-19,,78,61,0.00,0.0,0.0
2025-03-20,,69,40,0.00,0.0,0.0
2025-03-21,,76,43,0.00,0.0,0.0
2025-03-22,,82,54,0.00,0.0,0.0
2025-03-23,,85,64,0.00,0.0,0.0
2025-03-24,,83,53,0.13,0.0,0.0
2025-03-25,,88,61,0.00,0.0,0.0
2025-03-26,,83,65,0.00,0.0,0.0
2025-03-27,,73,60,0.38,0.0,0.0
2025-03-28,,71,61,1.04,0.0,0.0
2025-03-29,,85,64,0.14,0.0,0.0
2025-03-30,,81,67,0.00,0.0,0.0
2025-03-31,,78,62,0.00,0.0,0.0
2025-04-01,,83,57,0.00,0.0,0.0
2025-04-02,,84,70,0.00,0.0,0.0
2025-04-03,,88,71,0.02,0.0,0.0
2025-04-04,,86,67,0.00,0.0,0.0
2025-04-05,,76,55,0.16,0.0,0.0
2025-04-06,,57,41,0.04,0.0,0.0
2025-04-07,,69,30,0.00,0.0,0.0
2025-04-08,,77,37,0.00,0.0,0.0
2025-04-09,,84,55,0.00,0.0,0.0
2025-04-10,,88,53,0.00,0.0,0.0
2025-04-11,,86,54,0.00,0.0,0.0
2025-04-12,,87,55,0.00,0.0,0.0
2025-04-13,,89,61,0.00,0.0,0.0
2025-04-14,,89,62,0.00,0.0,0.0
2025-04-15,,85,63,0.00,0.0,0.0
2025-04-16,,82,60,0.00,0.0,0.0
2025-04-17,,84,66,0.00,0.0,0.0
2025-04-18,,89,66,0.00,0.0,0.0
2025-04-19,,80,67,0.00,0.0,0.0
2025-04-20,,81,63,0.08,0.0,0.0
2025-04-21,,85,47,0.15,0.0,0.0
2025-04-22,,85,62,0.00,0.0,0.0
2025-04-23,,82,63,0.41,0.0,0.0
2025-04-24,,84,69,0.00,0.0,0.0
2025-04-25,,84,64,0.00,0.0,0.0
2025-04-26,,84,67,0.00,0.0,0.0
2025-04-27,,83,68,0.00,0.0,0.0
2025-04-28,,84,70,0.00,0.0,0.0
2025-04-29,,85,70,0.00,0.0,0.0
2025-04-30,,87,71,0.00,0.0,0.0
2025-05-01,,89,69,0.00,0.0,0.0
2025-05-02,,83,64,0.00,0.0,0.0
2025-05-03,,80,56,0.08,0.0,0.0
2025-05-04,,82,49,0.00,0.0,0.0
2025-05-05,,78,61,0.00,0.0,0.0
2025-05-06,,88,61,0.36,0.0,0.0
2025-05-07,,86,58,0.07,0.0,0.0
2025-05-08,,84,56,0.00,0.0,0.0
2025-05-09,,80,60,0.12,0.0,0.0
2025-05-10,,79,56,0.00,0.0,0.0
2025-05-11,,82,54,0.00,0.0,0.0
2025-05-12,,89,47,0.00,0.0,0.0
2025-05-13,,99,66,0.00,0.0,0.0
2025-05-14,,99,70,0.00,0.0,0.0
2025-05-15,,96,70,0.00,0.0,0.0
2025-05-16,,96,75,0.00,0.0,0.0
2025-05-17,,96,77,0.00,0.0,0.0
2025-05-18,,91,74,0.00,0.0,0.0
2025-05-19,,86,76,0.00,0.0,0.0
2025-05-20,,95,74,0.00,0.0,0.0
2025-05-21,,92,63,0.00,0.0,0.0
2025-05-22,,97,74,0.00,0.0,0.0
2025-05-23,,94,66,0.32,0.0,0.0
2025-05-24,,95,75,0.00,0.0,0.0
2025-05-25,,95,75,0.00,0.0,0.0
2025-05-26,,89,68,0.00,0.0,0.0
2025-05-27,,90,63,1.17,0.0,0.0
2025-05-28,,85,66,0.00,0.0,0.0
2025-05-29,,88,67,0.00,0.0,0.0
2025-05-30,,85,67,1.61,0.0,0.0
2025-05-31,,86,66,0.00,0.0,0.0
2025-06-01,,94,71,0.00,0.0,0.0
2025-06-02,,91,71,0.00,0.0,0.0
2025-06-03,,89,76,0.00,0.0,0.0
2025-06-04,,88,76,0.01,0.0,0.0
2025-06-05,,93,72,0.02,0.0,0.0
2025-06-06,,93,75,0.00,0.0,0.0
2025-06-07,,93,76,0.00,0.0,0.0
2025-06-08,,94,74,0.00,0.0,0.0
2025-06-09,,96,67,0.00,0.0,0.0
2025-06-10,,92,69,0.00,0.0,0.0
2025-06-11,,87,67,0.42,0.0,0.0
2025-06-12,,83,68,1.23,0.0,0.0
2025-06-13,,92,65,0.00,0.0,0.0
2025-06-14,,92,75,0.00,0.0,0.0
2025-06-15,,91,68,0.00,0.0,0.0
2025-06-16,,91,67,0.10,0.0,0.0
2025-06-17,,92,71,0.00,0.0,0.0
2025-06-18,,92,76,0.00,0.0,0.0
2025-06-19,,93,75,0.00,0.0,0.0
2025-06-20,,94,75,0.00,0.0,0.0
2025-06-21,,92,75,0.00,0.0,0.0
2025-06-22,,92,75,0.00,0.0,0.0
2025-06-23,,94,75,0.00,0.0,0.0
2025-06-24,,92,74,0.00,0.0,0.0
2025-06-25,,93,72,0.21,0.0,0.0
2025-06-26,,93,74,0.00,0.0,0.0
2025-06-27,,93,72,0.04,0.0,0.0
2025-06-28,,94,74,0.00,0.0,0.0
2025-06-29,,95,73,0.00,0.0,0.0
2025-06-30,,93,71,0.00,0.0,0.0
2025-07-01,,93,69,0.03,0.0,0.0
2025-07-02,,92,75,0.00,0.0,0.0
2025-07-03,,85,75,0.11,0.0,0.0
2025-07-04,,79,72,0.67,0.0,0.0
2025-07-05,,79,72,1.82,0.0,0.0
2025-07-06,,84,73,2.65,0.0,0.0
2025-07-07,,88,72,0.87,0.0,0.0
2025-07-08,,91,74,0.00,0.0,0.0
2025-07-09,,85,72,0.00,0.0,0.0
2025-07-10,,91,70,0.08,0.0,0.0
2025-07-11,,90,74,0.00,0.0,0.0
2025-07-12,,91,75,0.24,0.0,0.0
2025-07-13,,88,69,0.00,0.0,0.0
2025-07-14,,91,71,0.82,0.0,0.0
2025-07-15,,91,75,0.00,0.0,0.0
2025-07-16,,92,76,0.00,0.0,0.0
2025-07-17,,93,72,0.00,0.0,0.0
2025-07-18,,92,72,0.00,0.0,0.0
2025-07-19,,90,76,0.00,0.0,0.0
2025-07-20,,88,75,0.00,0.0,0.0
2025-07-21,,90,74,0.00,0.0,0.0
2025-07-22,,93,75,0.00,0.0,0.0
2025-07-23,,94,74,0.00,0.0,0.0
2025-07-24,,97,73,0.00,0.0,0.0
2025-07-25,,94,70,0.00,0.0,0.0
2025-07-26,,92,74,0.00,0.0,0.0
2025-07-27,,94,75,0.04,0.0,0.0
2025-07-28,,93,74,0.10,0.0,0.0
2025-07-29,,96,71,0.00,0.0,0.0
2025-07-30,,98,66,0.00,0.0,0.0
2025-07-31,,99,73,0.00,0.0,0.0
2025-08-01,,98,73,0.00,,
2025-08-02,,,,0.01,,
2025-08-03,,97,68,0.11,,
2025-08-04,,94,75,0.00,,
2025-08-05,,94,67,0.00,,
2025-08-06,,95,73,0.00,,
2025-08-07,,95,73,0.00,,
2025-08-08,,,,,,
2025-08-09,,97,75,0.00,,
2025-08-10,,96,73,0.00,,
2025-08-11,,95,72,0.00,,
2025-08-12,,,,,,
2025-08-13,,,,,,
2025-08-14,,,,,,
2025-08-15,,96,76,0.00,,
2025-08-16,,95,73,0.12,,
2025-08-17,,94,75,0.78,,
2025-08-18,,98,72,0.00,,
2025-08-19,,95,73,0.00,,
2025-08-20,,95,69,0.00,,
2025-08-21,,93,71,0.00,,
2025-08-22,,92,69,0.01,,
2025-08-23,,92,67,0.00,,
2025-08-24,,95,69,0.00,,
2025-08-25,,94,69,0.00,,
2025-08-26,,94,67,0.00,,
2025-08-27,,94,74,0.00,,
2025-08-28,,97,75,0.00,,
2025-08-29,,99,76,0.00,,
2025-08-30,,96,72,0.60,,
2025-08-31,,84,75,0.08,,
2025-09-01,,89,68,0.10,,
2025-09-02,,93,67,0.00,,
2025-09-03,,95,73,0.00,,
2025-09-04,,,,,,
2025-09-05,,97,75,0.00,,
2025-09-06,,93,73,0.00,,
2025-09-07,,73,69,0.21,,
2025-09-08,,86,65,0.33,,
2025-09-09,,88,57,0.00,,
2025-09-10,,92,63,0.00,,
2025-09-11,,93,63,0.00,,
2025-09-12,,93,68,0.00,,
2025-09-13,,93,66,0.00,,
2025-09-14,,92,67,0.00,,
2025-09-15,,92,67,0.00,,
2025-09-16,,92,65,0.00,,
2025-09-17,,92,65,0.00,,
2025-09-18,,93,67,0.00,,
2025-09-19,,92,67,0.00,,
2025-09-20,,,,,,
2025-09-21,,,,,,
2025-09-22,,,,,,
2025-09-23,,,,,,
2025-09-24,,,,,,
2025-09-25,,,,,,
2025-09-26,,,,,,
2025-09-27,,,,,,
2025-09-28,,90,60,0.00,,
2025-09-29,,90,61,0.00,,
2025-09-30,,93,63,0.00,,
2025-10-01,,,,,,
2025-10-02,,,,,,
2025-10-03,,,,,,
2025-10-04,,88,63,0.00,,
2025-10-05,,89,65,0.00,,
2025-10-06,,,,,,
2025-10-07,,,,,,
2025-10-08,,,,,,
2025-10-09,,,,,,
2025-10-10,,,,,,
2025-10-11,,,,,,
2025-10-12,,,,,,
2025-10-13,,,,,,
2025-10-14,,,,,,
2025-10-15,,,,,,
2025-10-16,,,,,,
2025-10-17,,,,,,
2025-10-18,,92,72,0.00,,
2025-10-19,,87,57,0.00,,
2025-10-20,,90,56,0.00,,
2025-10-21,,86,69,0.00,,
2025-10-22,,84,55,0.00,,
2025-10-23,,88,69,0.00,,
2025-10-24,,84,70,0.00,,
2025-10-25,,80,59,1.47,,
2025-10-26,,80,57,0.64,,
2025-10-27,,,,,,
2025-10-28,,84,67,0.00,,
2025-10-29,,67,51,0.00,,
2025-10-30,,68,35,0.00,,
2025-10-31,,73,36,0.00,,
2025-11-01,,68,47,0.00,,
2025-11-02,,71,42,0.06,,
2025-11-03,,76,51,0.00,,
2025-11-04,,77,49,0.00,,
2025-11-05,,81,54,0.00,,
2025-11-06,,81,59,0.00,,
2025-11-07,,90,62,0.00,,
2025-11-08,,84,49,0.00,,
2025-11-09,,70,56,0.00,,
2025-11-10,,59,33,0.00,,
2025-11-11,,71,38,0.00,,
2025-11-12,,79,58,0.00,,
2025-11-13,,81,56,0.00,,
2025-11-14,,81,67,0.00,,
2025-11-15,,81,67,0.00,,
2025-11-16,,84,66,0.00,,
2025-11-17,,82,67,0.00,,
2025-11-18,,82,71,0.00,,
2025-11-19,,82,71,0.00,,
2025-11-20,,79,64,0.00,,
2025-11-21,,72,62,0.27,,
2025-11-22,,74,53,0.04,,
2025-11-23,,70,53,0.00,,
2025-11-24,,72,61,0.01,,
2025-11-25,,,,0.06,,
